Index,Accident_Severity,Day_of_Week,Time,Speed_limit,Accident
0,3,5,20,30,1
1,3,4,17,30,1
2,3,3,10,30,1
3,3,4,12,30,1
4,3,3,20,30,1
5,3,5,7,30,1
6,3,5,14,30,1
7,3,7,11,30,1
8,3,7,13,30,1
9,3,4,19,30,1
10,3,1,17,30,1
11,3,1,5,30,1
12,3,4,8,30,1
13,3,3,17,30,1
14,3,4,18,30,1
15,3,5,9,30,1
16,3,4,20,30,1
17,3,7,23,30,1
18,3,6,17,30,1
19,3,5,19,30,1
20,3,5,16,30,1
21,2,6,18,30,1
22,3,2,8,30,1
23,3,2,19,30,1
24,3,3,9,30,1
25,2,6,12,30,1
26,2,6,12,30,1
27,3,7,1,30,1
28,3,1,18,30,1
29,3,3,9,30,1
30,3,5,8,30,1
31,3,6,8,30,1
32,3,4,6,30,1
33,3,1,14,30,1
34,3,7,5,30,1
35,3,1,16,30,1
36,3,6,15,30,1
37,3,2,17,30,1
38,3,5,14,30,1
39,3,6,10,30,1
40,3,3,19,30,1
41,3,1,17,30,1
42,3,6,17,30,1
43,3,3,23,30,1
44,3,7,19,30,1
45,3,4,9,30,1
46,3,7,10,30,1
47,3,3,15,30,1
48,3,6,15,30,1
49,3,2,15,30,1
50,3,1,15,30,1
51,3,6,22,30,1
52,3,5,10,30,1
53,3,3,8,30,1
54,3,6,20,30,1
55,3,1,19,30,1
56,3,3,18,30,1
57,3,5,14,30,1
58,3,7,9,30,1
59,3,7,15,30,1
60,3,6,11,30,1
61,2,7,19,30,1
62,3,4,6,30,1
63,3,3,19,30,1
64,3,7,13,30,1
65,3,4,10,30,1
66,3,7,0,30,1
67,3,2,17,30,1
68,3,7,22,30,1
69,3,5,12,30,1
70,3,5,16,30,1
71,3,4,10,30,1
72,3,7,11,30,1
73,3,3,20,30,1
74,3,2,15,50,1
75,3,1,0,30,1
76,3,7,23,30,1
77,3,5,8,30,1
78,3,2,23,30,1
79,3,5,16,30,1
80,3,1,14,30,1
81,3,4,8,30,1
82,3,2,17,30,1
83,3,1,2,30,1
84,3,7,20,30,1
85,3,3,11,30,1
86,3,6,17,30,1
87,3,3,9,30,1
88,3,2,8,30,1
89,3,6,16,30,1
90,3,6,9,30,1
91,3,3,11,30,1
92,3,2,12,30,1
93,3,1,18,30,1
94,3,4,19,30,1
95,3,3,17,30,1
96,3,1,20,30,1
97,3,4,19,30,1
98,3,2,9,30,1
99,3,4,12,30,1
100,3,3,23,30,1
101,2,2,9,30,1
102,3,5,8,30,1
103,3,7,21,30,1
104,3,6,12,30,1
105,3,6,16,30,1
106,3,3,9,30,1
107,3,6,13,30,1
108,3,6,11,30,1
109,3,7,14,30,1
110,3,1,20,30,1
111,3,4,16,30,1
112,3,2,7,30,1
113,3,6,12,30,1
114,3,3,19,30,1
115,3,2,11,30,1
116,3,5,18,30,1
117,3,4,18,30,1
118,3,5,7,30,1
119,2,1,19,30,1
120,3,7,8,30,1
121,3,6,1,30,1
122,3,5,7,30,1
123,3,5,21,30,1
124,3,3,9,30,1
125,3,2,18,30,1
126,3,1,3,30,1
127,3,3,16,30,1
128,3,7,14,30,1
129,2,4,19,30,1
130,3,5,8,30,1
131,3,2,14,30,1
132,3,4,17,30,1
133,3,7,17,30,1
134,3,1,15,30,1
135,3,7,15,30,1
136,3,6,8,30,1
137,3,1,15,30,1
138,3,7,0,30,1
139,3,4,11,30,1
140,3,4,12,30,1
141,3,5,18,30,1
142,3,6,16,30,1
143,3,2,21,30,1
144,3,3,17,30,1
145,3,5,16,30,1
146,3,5,8,30,1
147,3,1,0,30,1
148,3,3,13,30,1
149,3,6,16,30,1
150,3,4,9,30,1
151,3,7,15,30,1
152,3,4,7,30,1
153,3,5,13,30,1
154,3,2,22,30,1
155,3,6,22,30,1
156,3,6,15,30,1
157,3,4,4,30,1
158,3,4,18,30,1
159,3,6,17,30,1
160,3,7,12,30,1
161,3,6,1,30,1
162,3,2,9,30,1
163,3,5,16,30,1
164,3,6,6,30,1
165,3,1,1,30,1
166,3,6,18,30,1
167,3,3,17,30,1
168,3,3,21,30,1
169,3,3,16,30,1
170,3,6,21,30,1
171,3,5,15,30,1
172,3,6,16,30,1
173,3,5,18,30,1
174,3,1,15,30,1
175,3,5,12,30,1
176,3,1,18,30,1
177,3,6,13,30,1
178,3,4,11,30,1
179,3,1,18,30,1
180,3,1,8,30,1
181,3,3,17,30,1
182,3,5,23,30,1
183,3,3,18,40,1
184,3,4,18,30,1
185,3,6,10,30,1
186,3,4,6,30,1
187,3,7,13,30,1
188,3,1,21,30,1
189,3,4,18,30,1
190,3,7,0,30,1
191,2,4,19,30,1
192,3,3,16,30,1
193,3,3,16,30,1
194,3,6,18,30,1
195,3,4,9,30,1
196,3,5,5,30,1
197,3,7,3,30,1
198,3,3,16,30,1
199,2,3,21,40,1
200,3,1,13,30,1
201,3,6,9,30,1
202,3,4,6,30,1
203,3,5,10,30,1
204,3,2,18,30,1
205,3,1,19,30,1
206,3,7,15,30,1
207,3,4,9,30,1
208,3,4,16,30,1
209,3,7,9,30,1
210,2,2,20,30,1
211,3,4,19,30,1
212,2,6,18,30,1
213,3,6,6,30,1
214,3,2,15,30,1
215,3,5,8,30,1
216,3,6,17,30,1
217,3,6,18,30,1
218,3,2,9,30,1
219,3,3,14,30,1
220,3,3,14,30,1
221,3,3,11,30,1
222,3,7,23,30,1
223,2,1,1,30,1
224,3,1,15,30,1
225,3,5,16,30,1
226,3,6,13,30,1
227,3,7,12,30,1
228,3,5,13,30,1
229,3,1,16,30,1
230,3,5,9,30,1
231,3,2,17,30,1
232,3,2,18,30,1
233,3,6,13,30,1
234,3,7,9,30,1
235,2,3,20,30,1
236,3,1,21,30,1
237,2,6,2,30,1
238,3,5,14,30,1
239,2,3,14,30,1
240,3,4,21,30,1
241,3,5,18,30,1
242,3,4,9,30,1
243,3,3,15,30,1
244,3,6,20,30,1
245,3,4,15,30,1
246,3,2,7,30,1
247,3,6,9,30,1
248,2,5,9,30,1
249,3,5,7,30,1
250,3,4,6,30,1
251,2,4,15,30,1
252,3,7,10,30,1
253,3,4,12,30,1
254,3,5,18,30,1
255,3,4,9,30,1
256,3,6,18,30,1
257,3,2,18,30,1
258,3,6,12,30,1
259,3,7,20,30,1
260,3,4,15,30,1
261,3,2,7,30,1
262,3,1,10,30,1
263,3,2,17,30,1
264,3,6,15,30,1
265,3,2,18,30,1
266,3,6,14,30,1
267,3,3,8,30,1
268,3,6,17,30,1
269,3,4,16,30,1
270,3,7,16,30,1
271,3,3,8,30,1
272,3,6,13,30,1
273,3,7,17,30,1
274,3,3,11,30,1
275,3,2,15,30,1
276,3,5,11,30,1
277,3,7,16,30,1
278,3,2,11,30,1
279,3,3,13,30,1
280,3,4,17,30,1
281,3,4,19,30,1
282,3,5,17,30,1
283,3,7,22,30,1
284,3,4,14,30,1
285,3,1,19,30,1
286,3,4,9,30,1
287,3,4,23,30,1
288,3,7,20,30,1
289,3,4,8,30,1
290,3,5,14,30,1
291,3,2,11,30,1
292,3,2,20,30,1
293,3,4,8,30,1
294,3,1,10,30,1
295,3,1,10,30,1
296,3,6,7,30,1
297,3,3,13,30,1
298,3,7,19,30,1
299,3,5,13,30,1
300,3,1,18,30,1
301,3,3,6,30,1
302,3,7,16,30,1
303,3,2,19,30,1
304,3,1,15,30,1
305,3,6,16,30,1
306,3,3,12,30,1
307,3,3,17,30,1
308,3,6,9,30,1
309,3,4,19,30,1
310,3,6,22,30,1
311,3,2,17,30,1
312,3,7,10,30,1
313,3,2,12,30,1
314,3,5,19,30,1
315,3,5,8,30,1
316,3,5,6,30,1
317,3,5,23,30,1
318,3,7,9,30,1
319,3,3,8,30,1
320,3,2,17,30,1
321,3,2,9,30,1
322,3,2,15,30,1
323,3,6,23,30,1
324,3,4,9,30,1
325,3,7,13,30,1
326,3,2,17,30,1
327,3,4,16,30,1
328,3,1,16,30,1
329,3,4,14,30,1
330,3,7,4,30,1
331,3,3,7,30,1
332,3,2,15,30,1
333,2,5,19,30,1
334,3,5,10,30,1
335,3,6,8,30,1
336,2,3,15,30,1
337,2,7,19,30,1
338,3,5,7,30,1
339,3,1,20,30,1
340,3,2,19,30,1
341,3,5,10,30,1
342,3,5,23,30,1
343,3,4,12,30,1
344,3,4,1,30,1
345,3,4,21,30,1
346,3,6,13,30,1
347,3,5,17,30,1
348,3,6,19,30,1
349,3,3,11,30,1
350,3,7,5,30,1
351,3,5,20,30,1
352,2,6,7,30,1
353,3,6,10,30,1
354,3,5,12,30,1
355,3,3,13,30,1
356,3,5,19,30,1
357,3,1,18,30,1
358,3,6,21,30,1
359,3,4,7,30,1
360,3,7,8,30,1
361,3,1,21,30,1
362,3,2,11,30,1
363,3,6,12,30,1
364,3,4,13,30,1
365,3,5,8,30,1
366,3,6,12,30,1
367,3,4,17,30,1
368,3,7,20,30,1
369,3,2,21,30,1
370,3,2,0,30,1
371,3,1,19,30,1
372,2,6,9,30,1
373,3,5,22,30,1
374,3,7,2,30,1
375,3,1,13,30,1
376,2,5,22,30,1
377,3,4,17,30,1
378,3,3,8,30,1
379,3,3,16,30,1
380,3,7,17,30,1
381,3,1,14,30,1
382,3,1,16,30,1
383,3,5,17,30,1
384,3,3,13,30,1
385,3,6,14,30,1
386,3,5,14,30,1
387,3,3,12,30,1
388,3,2,14,30,1
389,3,4,20,30,1
390,3,6,20,30,1
391,2,7,20,30,1
392,3,7,3,30,1
393,2,4,17,30,1
394,2,4,7,30,1
395,3,6,12,30,1
396,3,1,14,30,1
397,3,2,13,30,1
398,3,6,12,30,1
399,3,3,15,30,1
400,3,7,4,30,1
401,3,4,11,30,1
402,3,5,18,30,1
403,3,5,17,30,1
404,3,6,19,30,1
405,3,3,14,30,1
406,3,1,6,30,1
407,3,6,10,30,1
408,3,7,14,30,1
409,3,4,17,30,1
410,3,2,14,30,1
411,3,3,16,30,1
412,3,6,17,30,1
413,3,7,18,30,1
414,3,5,12,30,1
415,2,6,14,30,1
416,3,3,16,30,1
417,3,2,8,30,1
418,3,3,15,30,1
419,3,5,22,30,1
420,3,2,16,30,1
421,2,3,19,30,1
422,3,4,11,30,1
423,3,6,14,30,1
424,3,2,7,30,1
425,3,7,18,30,1
426,3,5,18,30,1
427,3,3,16,30,1
428,3,3,11,30,1
429,3,4,23,30,1
430,2,5,20,30,1
431,3,6,16,30,1
432,3,5,10,30,1
433,3,4,7,30,1
434,3,6,9,30,1
435,2,2,20,30,1
436,3,1,22,30,1
437,3,4,18,30,1
438,3,1,20,30,1
439,3,5,8,30,1
440,3,4,20,30,1
441,3,7,12,30,1
442,3,6,10,30,1
443,3,1,17,30,1
444,3,2,17,30,1
445,3,2,18,30,1
446,3,3,8,30,1
447,3,3,16,30,1
448,3,5,4,30,1
449,3,1,13,30,1
450,3,7,18,30,1
451,3,5,15,30,1
452,3,4,12,30,1
453,3,6,20,30,1
454,3,6,17,30,1
455,3,4,11,30,1
456,3,7,0,30,1
457,3,5,12,30,1
458,3,5,19,30,1
459,3,4,15,30,1
460,3,5,8,30,1
461,3,2,7,30,1
462,3,2,8,30,1
463,3,1,20,30,1
464,2,2,7,30,1
465,3,7,11,30,1
466,3,6,19,30,1
467,3,6,15,30,1
468,3,4,8,30,1
469,2,2,20,30,1
470,3,7,17,30,1
471,3,4,20,30,1
472,3,4,9,30,1
473,3,3,11,30,1
474,3,3,9,30,1
475,2,6,15,30,1
476,3,3,17,30,1
477,3,3,14,30,1
478,3,6,18,30,1
479,3,5,6,30,1
480,3,6,22,30,1
481,3,6,17,30,1
482,3,2,14,30,1
483,3,7,21,30,1
484,3,6,16,30,1
485,3,7,19,30,1
486,3,4,14,30,1
487,3,5,23,50,1
488,3,6,7,30,1
489,3,6,11,30,1
490,3,2,23,30,1
491,3,2,17,50,1
492,3,1,22,30,1
493,3,1,20,30,1
494,2,5,8,30,1
495,3,1,1,30,1
496,3,2,12,30,1
497,3,5,11,30,1
498,3,2,16,30,1
499,3,1,18,30,1
500,3,1,17,30,1
501,3,2,22,30,1
502,3,5,13,30,1
503,3,1,11,30,1
504,3,7,1,30,1
505,3,2,22,30,1
506,3,7,13,30,1
507,3,5,8,30,1
508,3,7,22,30,1
509,3,4,12,30,1
510,3,6,9,30,1
511,3,2,19,30,1
512,3,2,14,30,1
513,3,3,9,30,1
514,3,4,0,30,1
515,3,3,16,30,1
516,3,4,8,30,1
517,3,2,0,30,1
518,3,7,17,30,1
519,3,5,8,30,1
520,3,7,19,30,1
521,3,1,15,30,1
522,3,3,17,30,1
523,3,2,16,30,1
524,3,6,17,30,1
525,3,4,16,30,1
526,3,7,17,30,1
527,2,1,13,30,1
528,3,4,8,30,1
529,3,7,3,30,1
530,3,2,11,30,1
531,3,4,13,50,1
532,3,1,18,30,1
533,3,6,18,30,1
534,3,2,16,30,1
535,3,6,5,30,1
536,3,5,7,30,1
537,3,4,13,30,1
538,2,5,19,30,1
539,3,4,17,30,1
540,3,3,21,30,1
541,3,1,13,30,1
542,2,2,15,30,1
543,3,3,16,30,1
544,3,6,9,30,1
545,3,7,3,30,1
546,2,3,17,30,1
547,3,4,8,30,1
548,3,6,17,30,1
549,3,3,17,30,1
550,2,5,17,30,1
551,3,5,7,30,1
552,3,4,10,30,1
553,3,2,18,30,1
554,3,2,13,30,1
555,3,4,16,30,1
556,3,2,9,30,1
557,3,5,8,30,1
558,3,2,15,30,1
559,3,2,17,30,1
560,3,7,0,30,1
561,3,7,8,30,1
562,3,5,18,30,1
563,2,1,14,30,1
564,3,6,18,30,1
565,3,7,22,30,1
566,3,4,8,30,1
567,3,3,16,30,1
568,3,2,18,30,1
569,3,5,20,30,1
570,2,1,14,30,1
571,3,6,20,30,1
572,3,2,9,30,1
573,3,3,14,30,1
574,3,2,16,30,1
575,2,5,7,30,1
576,3,4,9,30,1
577,3,3,9,30,1
578,2,6,17,30,1
579,3,7,2,30,1
580,3,2,18,30,1
581,3,6,16,30,1
582,3,2,8,30,1
583,3,4,16,30,1
584,3,2,15,30,1
585,3,3,13,30,1
586,3,6,23,30,1
587,3,2,14,30,1
588,2,6,15,30,1
589,2,4,15,30,1
590,3,3,10,30,1
591,3,2,11,30,1
592,3,4,17,30,1
593,3,1,2,30,1
594,3,7,11,30,1
595,3,5,9,30,1
596,2,5,13,30,1
597,3,6,16,30,1
598,3,6,23,30,1
599,3,5,15,30,1
600,3,1,4,30,1
601,3,3,17,30,1
602,3,5,17,30,1
603,3,5,23,30,1
604,3,5,14,30,1
605,2,2,20,30,1
606,2,5,17,30,1
607,3,6,19,30,1
608,3,5,21,30,1
609,2,3,6,30,1
610,3,2,15,30,1
611,3,5,22,30,1
612,3,4,16,30,1
613,3,4,3,30,1
614,3,2,10,30,1
615,2,5,6,30,1
616,3,4,21,30,1
617,3,6,18,30,1
618,3,6,18,30,1
619,3,1,4,30,1
620,3,5,22,30,1
621,3,2,12,30,1
622,3,2,8,30,1
623,3,2,14,30,1
624,3,4,9,30,1
625,2,5,18,30,1
626,3,1,0,30,1
627,3,7,19,30,1
628,3,7,2,30,1
629,3,4,9,30,1
630,2,7,1,30,1
631,3,4,6,30,1
632,3,4,11,30,1
633,3,3,3,30,1
634,3,2,18,30,1
635,3,4,18,30,1
636,3,5,17,30,1
637,3,1,16,30,1
638,3,4,17,20,1
639,3,4,18,30,1
640,2,4,11,30,1
641,3,4,11,30,1
642,3,2,10,30,1
643,3,3,8,30,1
644,3,6,12,30,1
645,3,3,22,30,1
646,3,4,18,30,1
647,3,1,5,30,1
648,3,4,12,30,1
649,3,6,18,30,1
650,3,7,19,30,1
651,3,1,8,30,1
652,1,6,13,30,1
653,3,5,15,30,1
654,3,6,20,30,1
655,3,5,20,30,1
656,3,5,5,30,1
657,3,5,8,30,1
658,3,6,0,30,1
659,3,2,12,30,1
660,3,6,7,30,1
661,3,4,19,30,1
662,3,7,10,30,1
663,3,5,20,30,1
664,3,5,23,30,1
665,3,5,8,30,1
666,3,6,22,30,1
667,2,2,15,30,1
668,3,3,18,30,1
669,2,2,10,30,1
670,2,5,16,30,1
671,3,2,4,30,1
672,3,5,6,30,1
673,2,6,17,20,1
674,3,3,17,30,1
675,3,5,14,30,1
676,3,2,12,30,1
677,3,1,18,30,1
678,3,2,2,30,1
679,3,5,18,30,1
680,3,2,18,30,1
681,3,6,7,30,1
682,3,1,19,30,1
683,3,2,9,30,1
684,2,5,15,30,1
685,3,5,8,30,1
686,3,7,7,30,1
687,3,4,19,30,1
688,3,6,13,30,1
689,3,6,15,30,1
690,3,5,19,30,1
691,3,1,22,50,1
692,3,7,4,30,1
693,3,5,17,30,1
694,3,6,13,30,1
695,3,3,21,30,1
696,3,3,8,30,1
697,3,4,21,30,1
698,3,6,8,30,1
699,3,4,17,30,1
700,3,5,0,30,1
701,3,5,15,30,1
702,3,5,7,30,1
703,3,3,13,30,1
704,3,4,15,30,1
705,3,4,7,30,1
706,3,7,16,30,1
707,3,5,7,30,1
708,2,2,8,30,1
709,3,6,17,30,1
710,3,3,17,30,1
711,3,3,8,30,1
712,3,2,9,30,1
713,3,6,14,30,1
714,3,2,17,30,1
715,3,3,15,30,1
716,3,5,15,30,1
717,3,1,3,30,1
718,2,3,14,30,1
719,3,3,10,30,1
720,2,5,21,30,1
721,2,7,11,30,1
722,3,3,12,30,1
723,3,7,0,30,1
724,3,1,0,30,1
725,3,7,20,30,1
726,3,3,17,30,1
727,3,1,0,30,1
728,2,7,7,30,1
729,3,3,13,30,1
730,3,2,9,30,1
731,3,4,9,30,1
732,2,1,18,30,1
733,3,4,8,30,1
734,2,3,16,30,1
735,3,5,21,30,1
736,3,4,11,30,1
737,3,3,13,30,1
738,3,3,7,30,1
739,3,4,14,30,1
740,3,4,23,30,1
741,3,5,18,30,1
742,3,5,17,30,1
743,2,6,14,30,1
744,2,5,13,30,1
745,2,4,18,30,1
746,3,6,3,30,1
747,3,4,19,30,1
748,3,3,8,30,1
749,3,5,16,30,1
750,3,4,14,30,1
751,3,6,18,30,1
752,3,3,8,30,1
753,3,3,9,30,1
754,3,4,8,30,1
755,3,1,14,30,1
756,3,6,21,30,1
757,3,4,8,30,1
758,3,4,8,30,1
759,3,4,6,30,1
760,3,6,15,30,1
761,3,4,19,30,1
762,3,5,17,30,1
763,3,1,9,30,1
764,3,3,8,30,1
765,3,7,18,30,1
766,3,4,16,30,1
767,2,5,8,30,1
768,3,4,16,30,1
769,3,4,17,30,1
770,3,4,20,30,1
771,3,3,8,30,1
772,3,7,9,30,1
773,3,1,20,30,1
774,3,3,12,30,1
775,3,2,8,30,1
776,3,5,8,30,1
777,2,4,18,30,1
778,3,6,8,30,1
779,2,4,20,30,1
780,3,3,4,30,1
781,3,4,8,30,1
782,3,6,9,30,1
783,3,6,15,30,1
784,3,6,7,30,1
785,2,5,8,30,1
786,3,3,15,30,1
787,3,1,6,30,1
788,3,5,10,30,1
789,3,3,18,30,1
790,3,2,19,30,1
791,3,7,21,30,1
792,3,6,20,30,1
793,3,2,13,30,1
794,3,1,10,30,1
795,3,2,8,30,1
796,3,2,9,30,1
797,2,5,22,30,1
798,3,5,18,30,1
799,3,5,14,30,1
800,3,6,22,30,1
801,3,5,23,30,1
802,3,7,22,30,1
803,2,3,8,30,1
804,2,7,10,30,1
805,3,2,8,30,1
806,3,5,17,30,1
807,3,3,17,30,1
808,3,2,18,30,1
809,3,4,12,30,1
810,3,6,9,30,1
811,3,2,11,30,1
812,2,3,17,30,1
813,3,3,18,30,1
814,3,3,17,30,1
815,3,7,23,30,1
816,3,4,14,30,1
817,2,3,0,30,1
818,3,5,18,30,1
819,3,5,10,30,1
820,3,6,22,30,1
821,3,3,9,30,1
822,3,5,16,30,1
823,3,4,12,30,1
824,3,3,10,30,1
825,3,6,10,30,1
826,2,7,8,30,1
827,3,5,17,30,1
828,2,3,13,30,1
829,3,6,20,30,1
830,3,5,16,30,1
831,3,3,0,30,1
832,3,3,0,30,1
833,3,3,13,30,1
834,3,5,6,30,1
835,3,5,19,30,1
836,3,5,14,30,1
837,3,3,14,30,1
838,3,4,8,30,1
839,3,5,18,30,1
840,3,6,14,30,1
841,2,4,16,30,1
842,2,5,11,30,1
843,3,7,0,30,1
844,3,6,10,30,1
845,3,4,19,30,1
846,3,4,13,30,1
847,3,2,10,30,1
848,2,2,8,30,1
849,2,7,7,30,1
850,3,7,0,30,1
851,3,6,18,30,1
852,3,2,8,30,1
853,3,2,8,30,1
854,3,3,8,30,1
855,3,6,22,30,1
856,3,5,9,30,1
857,3,3,10,30,1
858,3,3,18,30,1
859,3,6,17,30,1
860,3,6,21,30,1
861,3,7,22,30,1
862,3,6,21,30,1
863,3,6,16,30,1
864,3,6,12,30,1
865,3,2,12,30,1
866,3,3,21,30,1
867,2,2,15,30,1
868,3,4,9,30,1
869,3,5,19,30,1
870,3,6,13,30,1
871,3,3,9,30,1
872,3,2,14,30,1
873,3,2,7,40,1
874,3,5,8,30,1
875,3,5,16,30,1
876,3,6,15,30,1
877,2,5,18,30,1
878,3,3,8,30,1
879,3,5,7,30,1
880,3,6,9,30,1
881,3,4,18,30,1
882,3,2,18,30,1
883,3,2,7,30,1
884,3,5,8,30,1
885,3,2,0,30,1
886,2,4,7,30,1
887,3,5,7,30,1
888,3,1,18,30,1
889,2,6,23,30,1
890,3,5,17,30,1
891,3,4,16,30,1
892,3,6,16,30,1
893,3,3,8,30,1
894,3,5,9,30,1
895,2,4,18,30,1
896,3,5,22,30,1
897,3,1,20,30,1
898,3,4,1,30,1
899,3,2,16,40,1
900,3,4,4,30,1
901,3,5,17,30,1
902,2,1,13,30,1
903,3,4,13,30,1
904,3,5,23,30,1
905,3,6,21,30,1
906,3,6,19,30,1
907,3,5,8,30,1
908,3,6,11,30,1
909,3,4,16,30,1
910,3,5,18,30,1
911,3,5,18,30,1
912,3,1,6,30,1
913,3,4,23,30,1
914,2,6,8,30,1
915,3,4,11,30,1
916,3,2,14,30,1
917,3,5,8,30,1
918,3,3,15,30,1
919,3,2,9,30,1
920,3,4,17,30,1
921,3,6,22,30,1
922,3,3,10,30,1
923,3,4,18,30,1
924,3,4,7,30,1
925,2,5,19,30,1
926,3,3,22,30,1
927,2,7,13,30,1
928,3,2,16,30,1
929,3,5,13,30,1
930,3,4,7,30,1
931,3,2,6,30,1
932,3,2,9,30,1
933,3,5,18,30,1
934,3,7,4,30,1
935,3,7,13,30,1
936,2,2,18,30,1
937,3,6,8,30,1
938,2,2,9,30,1
939,3,6,9,30,1
940,3,7,9,30,1
941,3,4,0,30,1
942,3,2,11,30,1
943,3,4,13,30,1
944,3,5,9,30,1
945,3,6,8,30,1
946,3,7,8,30,1
947,3,4,23,30,1
948,2,4,21,30,1
949,2,4,1,30,1
950,3,3,18,30,1
951,3,4,9,30,1
952,3,6,19,30,1
953,3,3,8,30,1
954,3,5,16,30,1
955,3,5,17,30,1
956,3,5,8,30,1
957,2,5,18,30,1
958,3,3,5,30,1
959,2,5,11,30,1
960,3,3,18,30,1
961,2,2,7,40,1
962,3,3,17,30,1
963,3,5,8,30,1
964,1,7,0,30,1
965,2,3,20,30,1
966,3,6,18,30,1
967,3,4,17,30,1
968,3,2,7,30,1
969,3,3,16,30,1
970,3,7,16,30,1
971,3,4,19,30,1
972,3,1,15,30,1
973,3,6,13,30,1
974,3,3,12,30,1
975,2,5,22,30,1
976,3,3,16,30,1
977,3,4,22,30,1
978,3,5,20,30,1
979,3,4,9,30,1
980,2,3,8,30,1
981,2,3,16,30,1
982,3,3,6,30,1
983,3,5,15,30,1
984,3,2,6,30,1
985,3,7,11,30,1
986,3,6,19,30,1
987,3,6,9,30,1
988,3,1,0,30,1
989,3,3,8,30,1
990,1,6,17,30,1
991,3,7,22,30,1
992,3,6,17,30,1
993,3,7,21,30,1
994,3,5,10,30,1
995,2,5,21,30,1
996,3,5,11,30,1
997,2,6,14,30,1
998,3,5,17,30,1
999,3,7,23,30,1
1000,3,2,15,30,1
1001,3,1,1,30,1
1002,2,5,15,30,1
1003,2,6,8,30,1
1004,3,4,13,30,1
1005,2,2,18,30,1
1006,3,2,8,30,1
1007,3,2,8,30,1
1008,3,4,9,30,1
1009,3,2,20,30,1
1010,3,4,18,30,1
1011,3,4,20,30,1
1012,3,4,9,30,1
1013,3,5,8,30,1
1014,3,6,8,40,1
1015,3,4,19,30,1
1016,3,2,18,30,1
1017,2,5,0,30,1
1018,3,5,16,30,1
1019,3,3,18,30,1
1020,3,5,21,30,1
1021,3,4,9,30,1
1022,3,3,20,30,1
1023,3,6,16,30,1
1024,3,3,14,30,1
1025,3,2,18,30,1
1026,3,4,18,30,1
1027,3,7,15,30,1
1028,3,1,1,30,1
1029,3,5,10,30,1
1030,3,5,18,30,1
1031,3,4,9,30,1
1032,3,6,23,30,1
1033,3,3,16,30,1
1034,3,2,10,30,1
1035,3,3,22,30,1
1036,2,4,20,30,1
1037,3,4,14,30,1
1038,3,3,18,30,1
1039,3,2,15,30,1
1040,3,4,17,30,1
1041,3,7,19,30,1
1042,3,3,15,30,1
1043,3,7,19,30,1
1044,3,5,10,30,1
1045,3,5,19,30,1
1046,3,4,16,30,1
1047,3,5,18,30,1
1048,2,6,15,30,1
1049,3,7,17,30,1
1050,2,1,2,30,1
1051,3,3,18,30,1
1052,3,3,16,30,1
1053,3,6,9,30,1
1054,3,7,9,30,1
1055,3,6,9,30,1
1056,3,4,19,30,1
1057,3,2,21,30,1
1058,3,3,15,30,1
1059,2,3,18,30,1
1060,3,2,16,30,1
1061,3,7,6,30,1
1062,3,2,9,30,1
1063,3,4,11,30,1
1064,3,4,10,30,1
1065,2,5,20,30,1
1066,3,2,14,40,1
1067,3,2,23,30,1
1068,3,4,10,30,1
1069,3,7,23,30,1
1070,3,7,16,30,1
1071,3,2,9,30,1
1072,3,3,7,30,1
1073,3,3,9,30,1
1074,2,6,18,30,1
1075,3,6,9,30,1
1076,3,4,15,30,1
1077,3,4,15,30,1
1078,3,4,10,30,1
1079,3,5,13,30,1
1080,3,2,6,30,1
1081,3,2,20,30,1
1082,3,3,14,30,1
1083,3,5,16,30,1
1084,2,6,1,30,1
1085,3,5,15,30,1
1086,3,6,7,30,1
1087,3,7,2,30,1
1088,3,4,19,30,1
1089,3,2,9,30,1
1090,3,7,23,30,1
1091,3,6,17,30,1
1092,3,5,8,30,1
1093,2,3,13,30,1
1094,3,6,6,30,1
1095,3,1,18,30,1
1096,3,4,8,30,1
1097,3,7,7,30,1
1098,3,6,18,30,1
1099,3,3,8,30,1
1100,3,5,11,30,1
1101,3,6,16,30,1
1102,3,3,21,30,1
1103,3,5,9,30,1
1104,3,6,11,30,1
1105,3,6,13,30,1
1106,3,6,13,30,1
1107,3,1,15,30,1
1108,3,5,22,30,1
1109,2,1,10,30,1
1110,3,7,21,30,1
1111,3,6,13,30,1
1112,3,3,8,30,1
1113,3,7,1,30,1
1114,3,7,11,30,1
1115,3,1,20,30,1
1116,3,2,10,30,1
1117,2,4,13,30,1
1118,3,5,8,30,1
1119,3,3,0,30,1
1120,3,2,11,30,1
1121,3,4,8,30,1
1122,3,6,18,30,1
1123,3,4,16,30,1
1124,3,5,17,30,1
1125,3,5,18,30,1
1126,3,4,8,30,1
1127,3,5,18,30,1
1128,3,2,19,30,1
1129,3,4,7,30,1
1130,3,6,22,30,1
1131,3,6,22,30,1
1132,3,6,22,30,1
1133,3,1,3,30,1
1134,3,1,10,30,1
1135,3,7,16,30,1
1136,3,5,19,30,1
1137,3,5,20,30,1
1138,3,3,7,30,1
1139,3,2,8,30,1
1140,3,3,14,30,1
1141,3,3,22,30,1
1142,3,4,9,30,1
1143,3,2,8,30,1
1144,3,2,7,30,1
1145,3,2,18,30,1
1146,2,5,18,30,1
1147,3,3,18,30,1
1148,3,6,21,30,1
1149,3,4,13,30,1
1150,3,7,15,30,1
1151,3,2,18,30,1
1152,3,7,13,30,1
1153,3,2,11,30,1
1154,3,2,16,30,1
1155,3,3,10,30,1
1156,3,4,8,30,1
1157,3,4,8,30,1
1158,3,3,14,30,1
1159,3,7,22,30,1
1160,3,3,13,30,1
1161,3,6,14,30,1
1162,3,3,20,30,1
1163,3,3,17,30,1
1164,3,1,3,30,1
1165,3,4,13,30,1
1166,3,7,11,30,1
1167,3,6,0,30,1
1168,3,5,18,30,1
1169,3,5,17,30,1
1170,2,6,18,30,1
1171,3,3,18,30,1
1172,3,3,14,30,1
1173,3,2,10,30,1
1174,3,2,9,30,1
1175,3,7,19,30,1
1176,3,1,0,30,1
1177,2,5,16,30,1
1178,3,6,11,30,1
1179,3,2,9,30,1
1180,3,3,20,30,1
1181,3,3,22,30,1
1182,3,3,22,30,1
1183,3,3,16,30,1
1184,3,3,18,30,1
1185,3,7,9,30,1
1186,3,5,15,20,1
1187,3,5,19,30,1
1188,3,5,12,30,1
1189,3,1,18,30,1
1190,3,7,15,30,1
1191,3,7,2,30,1
1192,3,6,15,30,1
1193,3,6,12,30,1
1194,3,3,7,30,1
1195,3,4,19,30,1
1196,3,2,17,30,1
1197,3,3,10,30,1
1198,3,6,19,30,1
1199,3,5,17,30,1
1200,2,6,12,30,1
1201,3,4,11,30,1
1202,3,4,11,30,1
1203,3,4,9,30,1
1204,3,4,3,30,1
1205,3,4,8,30,1
1206,3,6,9,30,1
1207,2,6,17,30,1
1208,3,6,7,30,1
1209,3,4,16,30,1
1210,3,6,17,30,1
1211,3,1,4,30,1
1212,3,6,8,30,1
1213,3,5,21,30,1
1214,3,5,7,30,1
1215,3,1,2,20,1
1216,3,7,19,30,1
1217,3,2,18,30,1
1218,3,3,12,30,1
1219,3,2,15,30,1
1220,3,2,15,30,1
1221,3,6,13,30,1
1222,3,2,7,30,1
1223,3,2,14,30,1
1224,3,2,8,30,1
1225,3,3,9,30,1
1226,3,3,18,30,1
1227,3,4,2,30,1
1228,3,6,16,30,1
1229,3,3,7,30,1
1230,3,3,6,30,1
1231,3,3,20,30,1
1232,3,3,16,30,1
1233,3,3,10,30,1
1234,2,2,15,30,1
1235,3,6,6,30,1
1236,3,1,7,30,1
1237,3,4,16,30,1
1238,3,3,17,30,1
1239,3,3,8,30,1
1240,3,3,9,30,1
1241,3,5,7,30,1
1242,2,4,17,30,1
1243,3,4,14,20,1
1244,3,4,19,30,1
1245,3,4,20,30,1
1246,3,5,12,30,1
1247,3,6,18,30,1
1248,3,7,10,30,1
1249,3,7,12,30,1
1250,3,7,16,30,1
1251,3,7,19,30,1
1252,3,3,15,30,1
1253,3,3,8,30,1
1254,3,6,9,30,1
1255,3,2,20,30,1
1256,3,2,11,30,1
1257,3,2,12,30,1
1258,3,3,11,30,1
1259,3,5,19,30,1
1260,3,2,8,30,1
1261,3,3,14,30,1
1262,3,2,10,30,1
1263,3,3,7,30,1
1264,3,3,11,30,1
1265,3,3,17,30,1
1266,3,5,23,30,1
1267,3,3,16,30,1
1268,3,7,0,30,1
1269,3,6,3,30,1
1270,3,4,7,30,1
1271,3,7,13,30,1
1272,3,2,11,30,1
1273,3,6,0,30,1
1274,3,7,18,30,1
1275,3,7,1,30,1
1276,3,1,2,30,1
1277,3,1,3,30,1
1278,3,7,15,30,1
1279,3,7,17,30,1
1280,3,6,15,30,1
1281,3,5,13,30,1
1282,3,6,20,30,1
1283,3,4,21,30,1
1284,3,5,11,30,1
1285,3,3,6,30,1
1286,3,5,8,30,1
1287,3,2,19,30,1
1288,3,6,17,30,1
1289,3,7,2,30,1
1290,3,2,14,30,1
1291,2,3,7,30,1
1292,3,3,7,30,1
1293,3,4,19,30,1
1294,3,3,19,30,1
1295,3,3,12,30,1
1296,3,3,22,30,1
1297,3,5,0,30,1
1298,3,4,23,30,1
1299,3,5,0,30,1
1300,3,4,17,30,1
1301,3,6,11,30,1
1302,3,5,3,30,1
1303,3,6,14,30,1
1304,3,5,17,30,1
1305,3,5,18,30,1
1306,3,6,20,30,1
1307,3,7,3,30,1
1308,2,7,20,30,1
1309,3,6,14,30,1
1310,3,6,12,30,1
1311,3,2,8,30,1
1312,3,1,17,30,1
1313,3,2,18,30,1
1314,3,3,12,30,1
1315,3,1,12,30,1
1316,3,6,14,30,1
1317,3,4,12,30,1
1318,3,7,1,30,1
1319,3,1,18,30,1
1320,3,3,10,40,1
1321,3,3,14,30,1
1322,3,2,13,30,1
1323,3,7,15,30,1
1324,3,3,0,30,1
1325,3,3,20,30,1
1326,3,3,17,30,1
1327,3,4,12,30,1
1328,3,4,8,30,1
1329,3,4,10,30,1
1330,3,3,19,30,1
1331,3,4,10,30,1
1332,3,5,22,30,1
1333,3,5,17,30,1
1334,3,5,12,30,1
1335,3,5,18,30,1
1336,3,7,17,30,1
1337,3,2,13,30,1
1338,3,2,17,30,1
1339,3,3,17,30,1
1340,3,4,17,30,1
1341,3,3,11,30,1
1342,3,3,12,30,1
1343,3,3,18,30,1
1344,3,4,8,30,1
1345,3,3,17,30,1
1346,3,3,16,30,1
1347,2,6,11,30,1
1348,3,1,8,30,1
1349,2,1,4,30,1
1350,3,5,13,30,1
1351,3,5,8,30,1
1352,3,3,9,30,1
1353,3,4,18,30,1
1354,3,1,16,30,1
1355,3,6,18,30,1
1356,3,7,1,30,1
1357,3,7,0,30,1
1358,3,7,15,30,1
1359,3,1,1,30,1
1360,3,3,13,30,1
1361,3,5,13,30,1
1362,3,6,12,30,1
1363,3,5,4,30,1
1364,2,6,18,30,1
1365,3,2,20,30,1
1366,3,1,12,30,1
1367,3,5,19,30,1
1368,2,6,8,30,1
1369,3,2,14,30,1
1370,3,3,8,30,1
1371,3,3,17,30,1
1372,3,6,10,30,1
1373,3,6,10,30,1
1374,3,6,23,30,1
1375,3,7,1,30,1
1376,3,6,13,30,1
1377,3,5,14,30,1
1378,3,7,21,30,1
1379,3,2,8,30,1
1380,3,4,9,30,1
1381,3,7,18,30,1
1382,3,5,15,30,1
1383,3,5,17,30,1
1384,3,6,13,30,1
1385,3,6,15,30,1
1386,2,3,7,30,1
1387,3,2,8,30,1
1388,3,5,17,30,1
1389,3,3,20,30,1
1390,2,5,18,30,1
1391,3,5,8,30,1
1392,3,4,8,30,1
1393,3,2,12,30,1
1394,3,2,17,30,1
1395,3,2,16,30,1
1396,3,6,23,30,1
1397,2,7,14,30,1
1398,3,5,15,30,1
1399,3,6,21,30,1
1400,3,6,11,30,1
1401,2,7,23,30,1
1402,3,5,10,30,1
1403,3,6,7,30,1
1404,3,5,17,30,1
1405,3,7,19,30,1
1406,3,3,0,30,1
1407,3,5,15,30,1
1408,3,5,18,30,1
1409,3,6,14,30,1
1410,3,2,8,30,1
1411,3,5,8,30,1
1412,3,6,17,30,1
1413,2,3,17,30,1
1414,3,4,8,30,1
1415,3,1,22,30,1
1416,3,5,15,30,1
1417,2,4,15,30,1
1418,3,4,16,30,1
1419,3,4,18,30,1
1420,3,1,17,30,1
1421,3,3,19,30,1
1422,3,2,15,30,1
1423,3,7,10,30,1
1424,2,7,13,30,1
1425,2,5,11,30,1
1426,3,5,12,30,1
1427,3,4,9,30,1
1428,3,3,12,30,1
1429,3,2,18,30,1
1430,3,5,13,30,1
1431,3,6,13,30,1
1432,2,5,23,30,1
1433,3,4,15,30,1
1434,3,3,19,30,1
1435,3,5,8,30,1
1436,3,4,9,30,1
1437,3,1,9,30,1
1438,3,5,12,30,1
1439,3,6,12,30,1
1440,3,4,15,30,1
1441,3,3,15,30,1
1442,3,5,18,30,1
1443,3,5,16,30,1
1444,3,5,18,30,1
1445,2,5,19,30,1
1446,3,7,22,30,1
1447,3,2,14,30,1
1448,3,3,13,30,1
1449,3,6,15,30,1
1450,3,6,16,30,1
1451,3,6,21,30,1
1452,2,1,14,30,1
1453,3,1,19,30,1
1454,3,2,12,30,1
1455,3,2,9,30,1
1456,3,2,21,30,1
1457,3,6,12,30,1
1458,2,3,8,30,1
1459,3,6,17,30,1
1460,3,2,10,30,1
1461,3,4,17,30,1
1462,3,2,9,30,1
1463,3,5,19,30,1
1464,3,7,1,30,1
1465,3,3,10,30,1
1466,2,3,16,30,1
1467,3,5,12,30,1
1468,2,6,21,30,1
1469,3,4,9,30,1
1470,3,4,9,30,1
1471,3,4,10,30,1
1472,3,4,17,30,1
1473,3,5,6,30,1
1474,3,2,20,30,1
1475,3,5,11,30,1
1476,3,4,18,30,1
1477,3,7,3,30,1
1478,3,7,23,30,1
1479,3,7,10,30,1
1480,2,5,10,30,1
1481,2,5,19,30,1
1482,3,5,16,30,1
1483,3,5,20,30,1
1484,3,4,19,30,1
1485,2,3,16,30,1
1486,3,4,10,30,1
1487,3,4,17,30,1
1488,3,6,8,30,1
1489,3,6,14,30,1
1490,2,7,18,30,1
1491,3,2,12,30,1
1492,3,2,8,30,1
1493,3,2,12,30,1
1494,3,2,14,30,1
1495,3,3,7,30,1
1496,3,2,13,30,1
1497,3,3,12,30,1
1498,3,6,18,30,1
1499,3,6,19,30,1
1500,3,7,22,30,1
1501,3,5,7,30,1
1502,3,7,10,30,1
1503,3,5,17,30,1
1504,2,5,10,30,1
1505,2,4,8,30,1
1506,3,4,15,30,1
1507,3,4,16,30,1
1508,3,3,18,30,1
1509,3,3,19,30,1
1510,3,4,5,30,1
1511,3,4,6,30,1
1512,3,3,18,30,1
1513,2,5,17,30,1
1514,3,5,18,30,1
1515,3,4,8,30,1
1516,3,6,8,30,1
1517,2,1,1,30,1
1518,3,6,11,30,1
1519,2,6,12,30,1
1520,3,6,18,30,1
1521,3,6,17,30,1
1522,3,5,22,30,1
1523,3,1,12,30,1
1524,3,2,10,30,1
1525,3,2,18,30,1
1526,2,1,13,30,1
1527,3,2,14,30,1
1528,3,1,10,30,1
1529,3,2,10,30,1
1530,3,2,13,30,1
1531,3,2,13,30,1
1532,3,1,16,30,1
1533,3,1,11,30,1
1534,3,3,13,30,1
1535,3,3,11,30,1
1536,3,3,9,30,1
1537,3,3,9,30,1
1538,3,2,8,30,1
1539,3,2,16,30,1
1540,3,4,15,30,1
1541,3,4,14,30,1
1542,3,3,13,30,1
1543,3,3,20,30,1
1544,3,4,18,30,1
1545,3,4,18,30,1
1546,3,4,10,30,1
1547,3,5,22,30,1
1548,3,5,22,30,1
1549,2,7,0,30,1
1550,3,7,1,30,1
1551,3,7,14,30,1
1552,3,5,17,30,1
1553,3,4,22,30,1
1554,3,5,14,30,1
1555,3,6,20,30,1
1556,3,5,19,30,1
1557,3,3,14,30,1
1558,3,4,13,30,1
1559,3,6,16,30,1
1560,3,6,18,30,1
1561,3,7,20,30,1
1562,3,7,18,30,1
1563,3,1,15,30,1
1564,3,1,20,30,1
1565,3,1,20,30,1
1566,3,1,23,30,1
1567,3,2,16,30,1
1568,3,5,18,30,1
1569,3,4,8,30,1
1570,3,6,21,30,1
1571,3,4,17,30,1
1572,3,4,18,30,1
1573,2,1,19,30,1
1574,3,1,15,30,1
1575,3,6,9,30,1
1576,3,6,14,30,1
1577,3,4,13,30,1
1578,2,7,16,30,1
1579,3,6,10,30,1
1580,2,4,18,30,1
1581,2,6,17,30,1
1582,3,6,8,30,1
1583,3,5,14,30,1
1584,3,5,14,30,1
1585,3,2,6,30,1
1586,3,7,14,30,1
1587,3,5,7,30,1
1588,3,4,18,30,1
1589,3,7,13,30,1
1590,2,7,4,30,1
1591,3,2,21,30,1
1592,3,6,22,30,1
1593,3,2,11,30,1
1594,3,2,23,30,1
1595,3,4,4,30,1
1596,3,6,3,30,1
1597,2,7,5,30,1
1598,3,7,12,30,1
1599,3,1,13,30,1
1600,3,2,13,30,1
1601,3,3,9,30,1
1602,3,4,10,30,1
1603,3,4,19,30,1
1604,2,5,13,30,1
1605,3,4,17,30,1
1606,2,5,20,30,1
1607,3,1,1,30,1
1608,3,7,16,30,1
1609,3,5,8,30,1
1610,3,4,20,30,1
1611,3,2,12,30,1
1612,3,2,11,30,1
1613,3,7,9,30,1
1614,3,2,8,30,1
1615,3,1,18,30,1
1616,3,1,16,30,1
1617,3,1,15,30,1
1618,3,7,16,30,1
1619,3,6,18,30,1
1620,2,6,9,30,1
1621,3,7,3,30,1
1622,3,5,12,30,1
1623,3,5,18,30,1
1624,3,7,13,30,1
1625,3,5,13,30,1
1626,2,4,15,30,1
1627,3,6,22,30,1
1628,3,3,8,30,1
1629,3,2,13,30,1
1630,3,6,7,30,1
1631,2,3,10,30,1
1632,3,4,2,30,1
1633,3,3,0,30,1
1634,3,4,12,30,1
1635,3,5,8,30,1
1636,2,3,16,30,1
1637,3,7,3,30,1
1638,3,1,18,30,1
1639,3,7,9,30,1
1640,3,2,9,30,1
1641,3,5,10,30,1
1642,3,3,8,30,1
1643,3,7,22,30,1
1644,3,2,10,30,1
1645,3,3,14,30,1
1646,3,5,9,40,1
1647,3,2,15,30,1
1648,3,7,7,30,1
1649,3,5,18,30,1
1650,3,4,16,30,1
1651,3,4,20,30,1
1652,3,7,12,30,1
1653,3,7,22,30,1
1654,3,5,9,30,1
1655,3,5,13,30,1
1656,3,2,15,30,1
1657,2,4,8,30,1
1658,2,4,12,30,1
1659,3,4,15,30,1
1660,3,2,20,30,1
1661,3,6,21,30,1
1662,3,2,18,30,1
1663,2,2,18,30,1
1664,3,3,1,30,1
1665,2,3,22,30,1
1666,3,4,8,30,1
1667,3,5,8,30,1
1668,3,7,14,30,1
1669,3,7,13,30,1
1670,3,1,18,30,1
1671,3,6,17,30,1
1672,3,7,2,30,1
1673,3,4,14,30,1
1674,3,4,23,30,1
1675,3,5,10,30,1
1676,3,5,12,30,1
1677,3,5,12,30,1
1678,3,3,7,30,1
1679,3,5,11,30,1
1680,3,6,11,30,1
1681,3,2,7,50,1
1682,3,2,6,30,1
1683,3,2,8,30,1
1684,3,2,8,30,1
1685,3,1,15,30,1
1686,3,1,17,30,1
1687,3,2,16,30,1
1688,2,2,23,30,1
1689,3,5,17,30,1
1690,3,4,10,30,1
1691,3,5,13,30,1
1692,3,1,16,30,1
1693,3,2,18,30,1
1694,3,3,6,40,1
1695,3,5,17,30,1
1696,3,3,7,30,1
1697,3,3,17,30,1
1698,3,6,16,30,1
1699,3,1,13,30,1
1700,3,4,23,30,1
1701,3,3,16,30,1
1702,3,3,17,30,1
1703,3,3,18,30,1
1704,3,4,6,30,1
1705,2,4,12,30,1
1706,3,4,14,30,1
1707,3,4,20,30,1
1708,3,5,15,30,1
1709,2,2,17,30,1
1710,3,6,19,30,1
1711,3,6,1,70,1
1712,3,5,20,30,1
1713,3,6,12,30,1
1714,3,6,6,30,1
1715,3,7,13,30,1
1716,3,1,3,30,1
1717,3,1,7,30,1
1718,2,1,17,30,1
1719,3,5,11,30,1
1720,2,5,10,30,1
1721,2,6,11,30,1
1722,3,2,17,30,1
1723,3,2,23,30,1
1724,3,5,9,30,1
1725,3,6,17,30,1
1726,3,6,18,30,1
1727,3,5,16,30,1
1728,3,5,12,30,1
1729,3,5,15,30,1
1730,3,4,17,30,1
1731,3,4,12,30,1
1732,3,3,10,30,1
1733,3,4,12,30,1
1734,3,2,13,30,1
1735,3,2,15,30,1
1736,2,2,20,30,1
1737,3,2,18,30,1
1738,3,6,10,30,1
1739,3,5,8,30,1
1740,3,5,11,30,1
1741,3,7,16,30,1
1742,2,2,18,30,1
1743,2,6,11,30,1
1744,3,6,8,30,1
1745,3,1,18,30,1
1746,3,2,14,30,1
1747,3,6,18,30,1
1748,3,5,17,30,1
1749,3,5,20,30,1
1750,3,6,15,30,1
1751,2,1,8,30,1
1752,3,3,16,30,1
1753,3,5,15,30,1
1754,3,4,19,40,1
1755,3,7,2,30,1
1756,3,5,8,30,1
1757,3,5,5,30,1
1758,3,3,19,30,1
1759,3,4,2,30,1
1760,3,6,13,30,1
1761,3,2,17,30,1
1762,3,6,11,30,1
1763,3,5,8,30,1
1764,3,5,8,50,1
1765,3,3,8,30,1
1766,3,3,8,30,1
1767,3,3,15,30,1
1768,3,3,8,30,1
1769,3,6,0,30,1
1770,3,5,23,50,1
1771,3,5,21,30,1
1772,3,5,17,40,1
1773,3,1,17,30,1
1774,3,6,16,30,1
1775,3,7,11,30,1
1776,3,6,9,40,1
1777,3,6,12,30,1
1778,3,4,6,30,1
1779,2,5,21,30,1
1780,3,7,17,30,1
1781,3,1,2,30,1
1782,3,2,9,30,1
1783,3,2,15,30,1
1784,3,5,19,30,1
1785,3,3,18,30,1
1786,3,3,7,30,1
1787,3,2,20,30,1
1788,3,3,19,30,1
1789,3,3,7,30,1
1790,2,3,17,30,1
1791,3,6,16,30,1
1792,3,7,13,30,1
1793,3,2,18,30,1
1794,3,3,18,30,1
1795,3,3,18,30,1
1796,3,4,15,30,1
1797,3,3,20,30,1
1798,3,2,19,30,1
1799,3,4,13,30,1
1800,3,6,18,30,1
1801,3,5,15,30,1
1802,3,6,17,30,1
1803,3,6,19,30,1
1804,3,6,15,30,1
1805,3,1,2,30,1
1806,3,1,21,30,1
1807,3,1,1,30,1
1808,3,7,19,30,1
1809,3,2,7,30,1
1810,3,2,8,30,1
1811,3,7,1,30,1
1812,3,7,18,30,1
1813,3,6,17,30,1
1814,3,5,9,30,1
1815,3,2,11,30,1
1816,3,2,17,30,1
1817,3,5,14,30,1
1818,3,7,15,30,1
1819,3,3,11,30,1
1820,3,3,8,30,1
1821,3,3,19,30,1
1822,3,5,16,30,1
1823,3,3,17,30,1
1824,3,4,15,30,1
1825,3,4,17,30,1
1826,3,4,21,30,1
1827,3,6,17,30,1
1828,3,3,19,30,1
1829,3,5,16,30,1
1830,2,4,10,30,1
1831,3,5,6,30,1
1832,3,2,14,30,1
1833,3,5,15,30,1
1834,3,6,3,30,1
1835,3,1,5,30,1
1836,3,1,16,30,1
1837,3,1,15,30,1
1838,3,2,9,30,1
1839,3,4,2,30,1
1840,3,3,11,30,1
1841,3,7,17,30,1
1842,3,6,12,40,1
1843,3,2,22,30,1
1844,3,6,16,30,1
1845,3,7,1,30,1
1846,3,1,3,30,1
1847,3,1,15,30,1
1848,2,2,0,30,1
1849,3,6,16,40,1
1850,3,7,18,30,1
1851,3,1,17,30,1
1852,3,6,17,30,1
1853,3,3,22,30,1
1854,3,5,21,50,1
1855,3,4,17,30,1
1856,3,1,17,30,1
1857,3,3,12,30,1
1858,3,3,8,30,1
1859,2,3,17,30,1
1860,3,1,20,30,1
1861,3,3,11,30,1
1862,3,3,14,50,1
1863,3,3,14,30,1
1864,3,5,0,30,1
1865,2,4,12,30,1
1866,3,4,17,30,1
1867,2,4,19,30,1
1868,3,5,10,30,1
1869,3,5,10,30,1
1870,3,7,18,30,1
1871,3,5,17,30,1
1872,3,4,18,30,1
1873,3,3,14,30,1
1874,3,6,16,30,1
1875,3,4,17,30,1
1876,3,2,16,30,1
1877,3,2,10,30,1
1878,3,7,18,30,1
1879,3,5,13,30,1
1880,3,2,10,30,1
1881,3,6,8,30,1
1882,3,3,21,30,1
1883,3,3,11,30,1
1884,3,3,10,30,1
1885,3,1,4,30,1
1886,3,2,21,30,1
1887,3,5,11,30,1
1888,3,2,17,30,1
1889,3,5,19,30,1
1890,3,5,23,30,1
1891,3,5,7,30,1
1892,3,5,19,30,1
1893,3,6,19,30,1
1894,3,5,15,30,1
1895,3,5,9,30,1
1896,3,5,9,30,1
1897,3,5,2,30,1
1898,3,5,19,30,1
1899,3,4,6,30,1
1900,3,1,0,30,1
1901,3,4,8,30,1
1902,3,2,15,30,1
1903,3,2,15,30,1
1904,3,4,17,30,1
1905,3,7,12,30,1
1906,2,6,19,30,1
1907,3,6,16,50,1
1908,3,5,20,30,1
1909,3,6,6,30,1
1910,3,6,18,30,1
1911,3,6,19,30,1
1912,3,6,22,30,1
1913,3,7,1,30,1
1914,3,7,11,30,1
1915,3,7,12,30,1
1916,3,7,17,30,1
1917,3,7,19,30,1
1918,3,3,9,30,1
1919,3,2,1,30,1
1920,3,7,12,30,1
1921,2,4,10,30,1
1922,3,4,15,30,1
1923,3,4,14,30,1
1924,3,5,10,30,1
1925,3,5,12,30,1
1926,2,4,10,30,1
1927,3,4,19,30,1
1928,3,6,19,30,1
1929,3,2,4,30,1
1930,3,2,0,30,1
1931,3,7,22,30,1
1932,3,2,20,30,1
1933,3,5,16,30,1
1934,2,5,17,30,1
1935,3,5,18,30,1
1936,3,5,22,30,1
1937,3,6,1,30,1
1938,3,6,4,30,1
1939,3,7,11,30,1
1940,2,7,14,30,1
1941,3,7,14,30,1
1942,3,2,13,30,1
1943,3,3,7,30,1
1944,3,7,7,30,1
1945,3,3,8,30,1
1946,3,3,10,30,1
1947,3,3,17,30,1
1948,3,5,8,30,1
1949,3,4,23,30,1
1950,3,4,18,30,1
1951,3,2,16,30,1
1952,2,5,8,30,1
1953,2,2,16,30,1
1954,3,6,21,40,1
1955,3,3,17,30,1
1956,3,3,18,30,1
1957,3,3,15,30,1
1958,3,3,15,30,1
1959,3,5,7,30,1
1960,3,6,8,30,1
1961,3,7,4,30,1
1962,3,7,16,30,1
1963,3,6,10,30,1
1964,3,1,16,30,1
1965,3,1,20,30,1
1966,3,5,19,30,1
1967,2,2,16,30,1
1968,3,5,18,30,1
1969,3,6,8,30,1
1970,3,7,2,30,1
1971,3,1,16,30,1
1972,3,2,11,30,1
1973,3,2,19,30,1
1974,3,2,21,30,1
1975,3,3,11,30,1
1976,3,4,4,70,1
1977,3,4,3,30,1
1978,3,3,11,30,1
1979,3,3,11,30,1
1980,3,3,14,30,1
1981,3,3,17,30,1
1982,3,3,18,30,1
1983,2,5,11,30,1
1984,3,6,8,30,1
1985,3,4,20,30,1
1986,3,6,17,30,1
1987,3,1,1,30,1
1988,3,7,13,30,1
1989,3,4,18,30,1
1990,3,2,17,30,1
1991,2,3,9,30,1
1992,3,4,10,30,1
1993,3,4,17,30,1
1994,3,4,23,30,1
1995,3,5,2,30,1
1996,3,5,7,30,1
1997,3,5,15,30,1
1998,3,5,16,30,1
1999,3,5,20,30,1
2000,3,2,17,30,0
2001,3,1,10,30,0
2002,3,3,12,30,0
2003,3,6,20,30,0
2004,3,1,7,30,0
2005,3,4,14,30,0
2006,3,2,11,30,0
2007,3,6,13,30,0
2008,3,2,19,30,0
2009,3,2,17,30,0
2010,3,4,5,30,0
2011,3,4,8,30,0
2012,3,1,17,30,0
2013,3,1,18,30,0
2014,3,6,9,30,0
2015,3,2,20,30,0
2016,3,3,23,30,0
2017,3,3,17,30,0
2018,3,3,19,30,0
2019,3,2,16,30,0
2020,2,4,18,30,0
2021,3,1,8,30,0
2022,3,2,19,30,0
2023,3,3,9,30,0
2024,2,6,12,30,0
2025,2,4,12,30,0
2026,3,3,1,30,0
2027,3,3,18,30,0
2028,3,2,9,30,0
2029,3,2,8,30,0
2030,3,6,8,30,0
2031,3,3,6,30,0
2032,3,6,14,30,0
2033,3,4,5,30,0
2034,3,6,16,30,0
2035,3,3,15,30,0
2036,3,4,17,30,0
2037,3,4,14,30,0
2038,3,1,10,30,0
2039,3,1,19,30,0
2040,3,6,17,30,0
2041,3,2,17,30,0
2042,3,4,23,30,0
2043,3,1,19,30,0
2044,3,4,9,30,0
2045,3,6,10,30,0
2046,3,4,15,30,0
2047,3,6,15,30,0
2048,3,2,15,30,0
2049,3,1,15,30,0
2050,3,4,22,30,0
2051,3,1,10,30,0
2052,3,6,8,30,0
2053,3,3,20,30,0
2054,3,2,19,30,0
2055,3,3,18,30,0
2056,3,1,14,30,0
2057,3,6,9,30,0
2058,3,1,15,30,0
2059,3,6,11,30,0
2060,2,2,19,30,0
2061,3,6,6,30,0
2062,3,6,19,30,0
2063,3,2,13,30,0
2064,3,6,10,30,0
2065,3,4,0,30,0
2066,3,4,17,30,0
2067,3,2,22,30,0
2068,3,2,12,30,0
2069,3,6,16,30,0
2070,3,4,10,30,0
2071,3,4,11,30,0
2072,3,3,20,30,0
2073,3,1,15,50,0
2074,3,2,0,30,0
2075,3,1,23,30,0
2076,3,4,8,30,0
2077,3,2,23,30,0
2078,3,3,16,30,0
2079,3,4,14,30,0
2080,3,4,8,30,0
2081,3,4,17,30,0
2082,3,6,2,30,0
2083,3,3,20,30,0
2084,3,3,11,30,0
2085,3,6,17,30,0
2086,3,3,9,30,0
2087,3,2,8,30,0
2088,3,4,16,30,0
2089,3,3,9,30,0
2090,3,6,11,30,0
2091,3,3,12,30,0
2092,3,1,18,30,0
2093,3,4,19,30,0
2094,3,6,17,30,0
2095,3,3,20,30,0
2096,3,4,19,30,0
2097,3,1,9,30,0
2098,3,2,12,30,0
2099,3,3,23,30,0
2100,2,1,9,30,0
2101,3,4,8,30,0
2102,3,1,21,30,0
2103,3,4,12,30,0
2104,3,3,16,30,0
2105,3,2,9,30,0
2106,3,2,13,30,0
2107,3,1,11,30,0
2108,3,1,14,30,0
2109,3,6,20,30,0
2110,3,1,16,30,0
2111,3,1,7,30,0
2112,3,6,12,30,0
2113,3,3,19,30,0
2114,3,4,11,30,0
2115,3,1,18,30,0
2116,3,6,18,30,0
2117,3,6,7,30,0
2118,2,6,19,30,0
2119,3,3,8,30,0
2120,3,3,1,30,0
2121,3,4,7,30,0
2122,3,4,21,30,0
2123,3,2,9,30,0
2124,3,4,18,30,0
2125,3,2,3,30,0
2126,3,6,16,30,0
2127,3,2,14,30,0
2128,2,4,19,30,0
2129,3,1,8,30,0
2130,3,1,14,30,0
2131,3,6,17,30,0
2132,3,2,17,30,0
2133,3,3,15,30,0
2134,3,6,15,30,0
2135,3,4,8,30,0
2136,3,3,15,30,0
2137,3,1,0,30,0
2138,3,3,11,30,0
2139,3,1,12,30,0
2140,3,1,18,30,0
2141,3,3,16,30,0
2142,3,4,21,30,0
2143,3,1,17,30,0
2144,3,3,16,30,0
2145,3,3,8,30,0
2146,3,2,0,30,0
2147,3,1,13,30,0
2148,3,2,16,30,0
2149,3,3,9,30,0
2150,3,6,15,30,0
2151,3,2,7,30,0
2152,3,4,13,30,0
2153,3,1,22,30,0
2154,3,3,22,30,0
2155,3,6,15,30,0
2156,3,1,4,30,0
2157,3,2,18,30,0
2158,3,4,17,30,0
2159,3,1,12,30,0
2160,3,4,1,30,0
2161,3,1,9,30,0
2162,3,1,16,30,0
2163,3,3,6,30,0
2164,3,4,1,30,0
2165,3,2,18,30,0
2166,3,3,17,30,0
2167,3,4,21,30,0
2168,3,2,16,30,0
2169,3,6,21,30,0
2170,3,6,15,30,0
2171,3,1,16,30,0
2172,3,6,18,30,0
2173,3,4,15,30,0
2174,3,2,12,30,0
2175,3,6,18,30,0
2176,3,4,13,30,0
2177,3,1,11,30,0
2178,3,4,18,30,0
2179,3,4,8,30,0
2180,3,3,17,30,0
2181,3,2,23,30,0
2182,3,2,18,40,0
2183,3,1,18,30,0
2184,3,1,10,30,0
2185,3,1,6,30,0
2186,3,2,13,30,0
2187,3,6,21,30,0
2188,3,3,18,30,0
2189,3,6,0,30,0
2190,2,2,19,30,0
2191,3,6,16,30,0
2192,3,2,16,30,0
2193,3,4,18,30,0
2194,3,2,9,30,0
2195,3,6,5,30,0
2196,3,6,3,30,0
2197,3,3,16,30,0
2198,2,2,21,40,0
2199,3,4,13,30,0
2200,3,6,9,30,0
2201,3,4,6,30,0
2202,3,3,10,30,0
2203,3,3,18,30,0
2204,3,3,19,30,0
2205,3,3,15,30,0
2206,3,2,9,30,0
2207,3,6,16,30,0
2208,3,1,9,30,0
2209,2,6,20,30,0
2210,3,6,19,30,0
2211,2,3,18,30,0
2212,3,3,6,30,0
2213,3,2,15,30,0
2214,3,2,8,30,0
2215,3,3,17,30,0
2216,3,3,18,30,0
2217,3,4,9,30,0
2218,3,3,14,30,0
2219,3,6,14,30,0
2220,3,2,11,30,0
2221,3,4,23,30,0
2222,2,2,1,30,0
2223,3,3,15,30,0
2224,3,4,16,30,0
2225,3,6,13,30,0
2226,3,4,12,30,0
2227,3,4,13,30,0
2228,3,3,16,30,0
2229,3,3,9,30,0
2230,3,4,17,30,0
2231,3,3,18,30,0
2232,3,6,13,30,0
2233,3,1,9,30,0
2234,2,3,20,30,0
2235,3,2,21,30,0
2236,2,6,2,30,0
2237,3,2,14,30,0
2238,2,4,14,30,0
2239,3,1,21,30,0
2240,3,6,18,30,0
2241,3,6,9,30,0
2242,3,3,15,30,0
2243,3,4,20,30,0
2244,3,6,15,30,0
2245,3,3,7,30,0
2246,3,4,9,30,0
2247,2,2,9,30,0
2248,3,1,7,30,0
2249,3,6,6,30,0
2250,2,1,15,30,0
2251,3,6,10,30,0
2252,3,1,12,30,0
2253,3,1,18,30,0
2254,3,1,9,30,0
2255,3,6,18,30,0
2256,3,3,18,30,0
2257,3,1,12,30,0
2258,3,1,20,30,0
2259,3,3,15,30,0
2260,3,6,7,30,0
2261,3,1,10,30,0
2262,3,3,17,30,0
2263,3,6,15,30,0
2264,3,2,18,30,0
2265,3,6,14,30,0
2266,3,6,8,30,0
2267,3,1,17,30,0
2268,3,3,16,30,0
2269,3,3,16,30,0
2270,3,2,8,30,0
2271,3,3,13,30,0
2272,3,2,17,30,0
2273,3,2,11,30,0
2274,3,4,15,30,0
2275,3,4,11,30,0
2276,3,3,16,30,0
2277,3,1,11,30,0
2278,3,2,13,30,0
2279,3,4,17,30,0
2280,3,1,19,30,0
2281,3,3,17,30,0
2282,3,1,22,30,0
2283,3,3,14,30,0
2284,3,1,19,30,0
2285,3,4,9,30,0
2286,3,3,23,30,0
2287,3,3,20,30,0
2288,3,4,8,30,0
2289,3,2,14,30,0
2290,3,2,11,30,0
2291,3,1,20,30,0
2292,3,6,8,30,0
2293,3,1,10,30,0
2294,3,2,10,30,0
2295,3,3,7,30,0
2296,3,4,13,30,0
2297,3,4,19,30,0
2298,3,1,13,30,0
2299,3,6,18,30,0
2300,3,1,6,30,0
2301,3,1,16,30,0
2302,3,4,19,30,0
2303,3,6,15,30,0
2304,3,6,16,30,0
2305,3,1,12,30,0
2306,3,2,17,30,0
2307,3,2,9,30,0
2308,3,6,19,30,0
2309,3,4,22,30,0
2310,3,2,17,30,0
2311,3,1,10,30,0
2312,3,6,12,30,0
2313,3,2,19,30,0
2314,3,3,8,30,0
2315,3,3,6,30,0
2316,3,1,23,30,0
2317,3,1,9,30,0
2318,3,4,8,30,0
2319,3,6,17,30,0
2320,3,6,9,30,0
2321,3,6,15,30,0
2322,3,4,23,30,0
2323,3,6,9,30,0
2324,3,4,13,30,0
2325,3,4,17,30,0
2326,3,3,16,30,0
2327,3,1,16,30,0
2328,3,2,14,30,0
2329,3,3,4,30,0
2330,3,1,7,30,0
2331,3,2,15,30,0
2332,2,4,19,30,0
2333,3,2,10,30,0
2334,3,3,8,30,0
2335,2,6,15,30,0
2336,2,3,19,30,0
2337,3,4,7,30,0
2338,3,4,20,30,0
2339,3,2,19,30,0
2340,3,3,10,30,0
2341,3,6,23,30,0
2342,3,3,12,30,0
2343,3,3,1,30,0
2344,3,2,21,30,0
2345,3,3,13,30,0
2346,3,3,17,30,0
2347,3,2,19,30,0
2348,3,4,11,30,0
2349,3,4,5,30,0
2350,3,4,20,30,0
2351,2,4,7,30,0
2352,3,1,10,30,0
2353,3,3,12,30,0
2354,3,2,13,30,0
2355,3,2,19,30,0
2356,3,4,18,30,0
2357,3,4,21,30,0
2358,3,3,7,30,0
2359,3,2,8,30,0
2360,3,3,21,30,0
2361,3,1,11,30,0
2362,3,2,12,30,0
2363,3,6,13,30,0
2364,3,6,8,30,0
2365,3,3,12,30,0
2366,3,4,17,30,0
2367,3,4,20,30,0
2368,3,6,21,30,0
2369,3,2,0,30,0
2370,3,4,19,30,0
2371,2,2,9,30,0
2372,3,6,22,30,0
2373,3,4,2,30,0
2374,3,1,13,30,0
2375,2,3,22,30,0
2376,3,4,17,30,0
2377,3,3,8,30,0
2378,3,4,16,30,0
2379,3,1,17,30,0
2380,3,6,14,30,0
2381,3,3,16,30,0
2382,3,6,17,30,0
2383,3,1,13,30,0
2384,3,4,14,30,0
2385,3,6,14,30,0
2386,3,2,12,30,0
2387,3,1,14,30,0
2388,3,3,20,30,0
2389,3,4,20,30,0
2390,2,3,20,30,0
2391,3,6,3,30,0
2392,2,3,17,30,0
2393,2,6,7,30,0
2394,3,3,12,30,0
2395,3,1,14,30,0
2396,3,6,13,30,0
2397,3,4,12,30,0
2398,3,1,15,30,0
2399,3,1,4,30,0
2400,3,2,11,30,0
2401,3,4,18,30,0
2402,3,4,17,30,0
2403,3,4,19,30,0
2404,3,1,14,30,0
2405,3,2,6,30,0
2406,3,2,10,30,0
2407,3,1,14,30,0
2408,3,2,17,30,0
2409,3,3,14,30,0
2410,3,2,16,30,0
2411,3,2,17,30,0
2412,3,4,18,30,0
2413,3,4,12,30,0
2414,2,2,14,30,0
2415,3,4,16,30,0
2416,3,4,8,30,0
2417,3,2,15,30,0
2418,3,4,22,30,0
2419,3,6,16,30,0
2420,2,6,19,30,0
2421,3,6,11,30,0
2422,3,2,14,30,0
2423,3,1,7,30,0
2424,3,2,18,30,0
2425,3,2,18,30,0
2426,3,3,16,30,0
2427,3,2,11,30,0
2428,3,2,23,30,0
2429,2,6,20,30,0
2430,3,4,16,30,0
2431,3,6,10,30,0
2432,3,6,7,30,0
2433,3,1,9,30,0
2434,2,4,20,30,0
2435,3,6,22,30,0
2436,3,4,18,30,0
2437,3,3,20,30,0
2438,3,6,8,30,0
2439,3,1,20,30,0
2440,3,1,12,30,0
2441,3,1,10,30,0
2442,3,4,17,30,0
2443,3,1,17,30,0
2444,3,1,18,30,0
2445,3,1,8,30,0
2446,3,1,16,30,0
2447,3,4,4,30,0
2448,3,1,13,30,0
2449,3,4,18,30,0
2450,3,2,15,30,0
2451,3,2,12,30,0
2452,3,1,20,30,0
2453,3,1,17,30,0
2454,3,4,11,30,0
2455,3,6,0,30,0
2456,3,4,12,30,0
2457,3,2,19,30,0
2458,3,1,15,30,0
2459,3,1,8,30,0
2460,3,1,7,30,0
2461,3,3,8,30,0
2462,3,4,20,30,0
2463,2,6,7,30,0
2464,3,3,11,30,0
2465,3,2,19,30,0
2466,3,1,15,30,0
2467,3,6,8,30,0
2468,2,3,20,30,0
2469,3,2,17,30,0
2470,3,4,20,30,0
2471,3,1,9,30,0
2472,3,4,11,30,0
2473,3,2,9,30,0
2474,2,2,15,30,0
2475,3,4,17,30,0
2476,3,4,14,30,0
2477,3,2,18,30,0
2478,3,2,6,30,0
2479,3,2,22,30,0
2480,3,1,17,30,0
2481,3,1,14,30,0
2482,3,2,21,30,0
2483,3,2,16,30,0
2484,3,6,19,30,0
2485,3,4,14,30,0
2486,3,2,23,50,0
2487,3,2,7,30,0
2488,3,6,11,30,0
2489,3,3,23,30,0
2490,3,1,17,50,0
2491,3,2,22,30,0
2492,3,4,20,30,0
2493,2,1,8,30,0
2494,3,3,1,30,0
2495,3,6,12,30,0
2496,3,6,11,30,0
2497,3,1,16,30,0
2498,3,4,18,30,0
2499,3,2,17,30,0
2500,3,2,22,30,0
2501,3,1,13,30,0
2502,3,2,11,30,0
2503,3,6,1,30,0
2504,3,3,22,30,0
2505,3,1,13,30,0
2506,3,2,8,30,0
2507,3,3,22,30,0
2508,3,3,12,30,0
2509,3,4,9,30,0
2510,3,1,19,30,0
2511,3,1,14,30,0
2512,3,2,9,30,0
2513,3,2,0,30,0
2514,3,1,16,30,0
2515,3,1,8,30,0
2516,3,6,0,30,0
2517,3,1,17,30,0
2518,3,3,8,30,0
2519,3,2,19,30,0
2520,3,4,15,30,0
2521,3,3,17,30,0
2522,3,3,16,30,0
2523,3,2,17,30,0
2524,3,1,16,30,0
2525,3,4,17,30,0
2526,2,4,13,30,0
2527,3,3,8,30,0
2528,3,2,3,30,0
2529,3,1,11,30,0
2530,3,2,13,50,0
2531,3,3,18,30,0
2532,3,6,18,30,0
2533,3,6,16,30,0
2534,3,3,5,30,0
2535,3,6,7,30,0
2536,3,2,13,30,0
2537,2,3,19,30,0
2538,3,1,17,30,0
2539,3,1,21,30,0
2540,3,6,13,30,0
2541,2,3,15,30,0
2542,3,2,16,30,0
2543,3,1,9,30,0
2544,3,2,3,30,0
2545,2,4,17,30,0
2546,3,3,8,30,0
2547,3,2,17,30,0
2548,3,1,17,30,0
2549,2,1,17,30,0
2550,3,4,7,30,0
2551,3,3,10,30,0
2552,3,6,18,30,0
2553,3,2,13,30,0
2554,3,1,16,30,0
2555,3,4,9,30,0
2556,3,2,8,30,0
2557,3,3,15,30,0
2558,3,1,17,30,0
2559,3,1,0,30,0
2560,3,3,8,30,0
2561,3,6,18,30,0
2562,2,3,14,30,0
2563,3,2,18,30,0
2564,3,6,22,30,0
2565,3,6,8,30,0
2566,3,3,16,30,0
2567,3,2,18,30,0
2568,3,1,20,30,0
2569,2,4,14,30,0
2570,3,4,20,30,0
2571,3,2,9,30,0
2572,3,2,14,30,0
2573,3,4,16,30,0
2574,2,6,7,30,0
2575,3,6,9,30,0
2576,3,2,9,30,0
2577,2,3,17,30,0
2578,3,3,2,30,0
2579,3,6,18,30,0
2580,3,4,16,30,0
2581,3,1,8,30,0
2582,3,3,16,30,0
2583,3,2,15,30,0
2584,3,3,13,30,0
2585,3,1,23,30,0
2586,3,6,14,30,0
2587,2,1,15,30,0
2588,2,2,15,30,0
2589,3,4,10,30,0
2590,3,4,11,30,0
2591,3,2,17,30,0
2592,3,3,2,30,0
2593,3,4,11,30,0
2594,3,3,9,30,0
2595,2,6,13,30,0
2596,3,1,16,30,0
2597,3,3,23,30,0
2598,3,2,15,30,0
2599,3,4,4,30,0
2600,3,4,17,30,0
2601,3,6,17,30,0
2602,3,6,23,30,0
2603,3,3,14,30,0
2604,2,2,20,30,0
2605,2,3,17,30,0
2606,3,2,19,30,0
2607,3,2,21,30,0
2608,2,2,6,30,0
2609,3,2,15,30,0
2610,3,4,22,30,0
2611,3,3,16,30,0
2612,3,6,3,30,0
2613,3,2,10,30,0
2614,2,1,6,30,0
2615,3,6,21,30,0
2616,3,2,18,30,0
2617,3,6,18,30,0
2618,3,4,4,30,0
2619,3,4,22,30,0
2620,3,6,12,30,0
2621,3,4,8,30,0
2622,3,4,14,30,0
2623,3,4,9,30,0
2624,2,1,18,30,0
2625,3,3,0,30,0
2626,3,6,19,30,0
2627,3,4,2,30,0
2628,3,2,9,30,0
2629,2,6,1,30,0
2630,3,4,6,30,0
2631,3,2,11,30,0
2632,3,1,3,30,0
2633,3,6,18,30,0
2634,3,6,18,30,0
2635,3,4,17,30,0
2636,3,3,16,30,0
2637,3,6,17,20,0
2638,3,3,18,30,0
2639,2,6,11,30,0
2640,3,3,11,30,0
2641,3,3,10,30,0
2642,3,2,8,30,0
2643,3,2,12,30,0
2644,3,2,22,30,0
2645,3,2,18,30,0
2646,3,3,5,30,0
2647,3,3,12,30,0
2648,3,6,18,30,0
2649,3,4,19,30,0
2650,3,4,8,30,0
2651,1,6,13,30,0
2652,3,3,15,30,0
2653,3,1,20,30,0
2654,3,6,20,30,0
2655,3,3,5,30,0
2656,3,3,8,30,0
2657,3,1,0,30,0
2658,3,1,12,30,0
2659,3,1,7,30,0
2660,3,3,19,30,0
2661,3,2,10,30,0
2662,3,4,20,30,0
2663,3,3,23,30,0
2664,3,2,8,30,0
2665,3,1,22,30,0
2666,2,1,15,30,0
2667,3,6,18,30,0
2668,2,4,10,30,0
2669,2,6,16,30,0
2670,3,2,4,30,0
2671,3,6,6,30,0
2672,2,4,17,20,0
2673,3,1,17,30,0
2674,3,3,14,30,0
2675,3,6,12,30,0
2676,3,4,18,30,0
2677,3,6,2,30,0
2678,3,3,18,30,0
2679,3,2,18,30,0
2680,3,2,7,30,0
2681,3,2,19,30,0
2682,3,6,9,30,0
2683,2,2,15,30,0
2684,3,4,8,30,0
2685,3,4,7,30,0
2686,3,3,19,30,0
2687,3,6,13,30,0
2688,3,2,15,30,0
2689,3,2,19,30,0
2690,3,4,22,50,0
2691,3,2,4,30,0
2692,3,6,17,30,0
2693,3,2,13,30,0
2694,3,4,21,30,0
2695,3,6,8,30,0
2696,3,3,21,30,0
2697,3,1,8,30,0
2698,3,1,17,30,0
2699,3,3,0,30,0
2700,3,6,15,30,0
2701,3,1,7,30,0
2702,3,6,13,30,0
2703,3,1,15,30,0
2704,3,6,7,30,0
2705,3,4,16,30,0
2706,3,6,7,30,0
2707,2,6,8,30,0
2708,3,6,17,30,0
2709,3,6,17,30,0
2710,3,6,8,30,0
2711,3,2,9,30,0
2712,3,3,14,30,0
2713,3,1,17,30,0
2714,3,3,15,30,0
2715,3,6,15,30,0
2716,3,4,3,30,0
2717,2,2,14,30,0
2718,3,3,10,30,0
2719,2,3,21,30,0
2720,2,1,11,30,0
2721,3,3,12,30,0
2722,3,1,0,30,0
2723,3,4,0,30,0
2724,3,1,20,30,0
2725,3,4,17,30,0
2726,3,1,0,30,0
2727,2,1,7,30,0
2728,3,4,13,30,0
2729,3,3,9,30,0
2730,3,1,9,30,0
2731,2,2,18,30,0
2732,3,4,8,30,0
2733,2,6,16,30,0
2734,3,6,21,30,0
2735,3,1,11,30,0
2736,3,4,13,30,0
2737,3,6,7,30,0
2738,3,1,14,30,0
2739,3,4,23,30,0
2740,3,6,18,30,0
2741,3,2,17,30,0
2742,2,2,14,30,0
2743,2,2,13,30,0
2744,2,3,18,30,0
2745,3,6,3,30,0
2746,3,3,19,30,0
2747,3,1,8,30,0
2748,3,4,16,30,0
2749,3,6,14,30,0
2750,3,1,18,30,0
2751,3,4,8,30,0
2752,3,4,9,30,0
2753,3,4,8,30,0
2754,3,4,14,30,0
2755,3,1,21,30,0
2756,3,3,8,30,0
2757,3,2,8,30,0
2758,3,6,6,30,0
2759,3,3,15,30,0
2760,3,1,19,30,0
2761,3,1,17,30,0
2762,3,6,9,30,0
2763,3,6,8,30,0
2764,3,1,18,30,0
2765,3,4,16,30,0
2766,2,2,8,30,0
2767,3,6,16,30,0
2768,3,2,17,30,0
2769,3,4,20,30,0
2770,3,2,8,30,0
2771,3,1,9,30,0
2772,3,3,20,30,0
2773,3,1,12,30,0
2774,3,3,8,30,0
2775,3,2,8,30,0
2776,2,2,18,30,0
2777,3,6,8,30,0
2778,2,2,20,30,0
2779,3,6,4,30,0
2780,3,4,8,30,0
2781,3,6,9,30,0
2782,3,4,15,30,0
2783,3,4,7,30,0
2784,2,6,8,30,0
2785,3,3,15,30,0
2786,3,6,6,30,0
2787,3,2,10,30,0
2788,3,4,18,30,0
2789,3,3,19,30,0
2790,3,6,21,30,0
2791,3,1,20,30,0
2792,3,6,13,30,0
2793,3,3,10,30,0
2794,3,6,8,30,0
2795,3,4,9,30,0
2796,2,1,22,30,0
2797,3,3,18,30,0
2798,3,3,14,30,0
2799,3,6,22,30,0
2800,3,6,23,30,0
2801,3,1,22,30,0
2802,2,6,8,30,0
2803,2,4,10,30,0
2804,3,3,8,30,0
2805,3,4,17,30,0
2806,3,6,17,30,0
2807,3,4,18,30,0
2808,3,2,12,30,0
2809,3,2,9,30,0
2810,3,2,11,30,0
2811,2,3,17,30,0
2812,3,4,18,30,0
2813,3,6,17,30,0
2814,3,1,23,30,0
2815,3,6,14,30,0
2816,2,2,0,30,0
2817,3,4,18,30,0
2818,3,3,10,30,0
2819,3,1,22,30,0
2820,3,3,9,30,0
2821,3,3,16,30,0
2822,3,6,12,30,0
2823,3,4,10,30,0
2824,3,1,10,30,0
2825,2,1,8,30,0
2826,3,6,17,30,0
2827,2,1,13,30,0
2828,3,3,20,30,0
2829,3,6,16,30,0
2830,3,2,0,30,0
2831,3,1,0,30,0
2832,3,2,13,30,0
2833,3,3,6,30,0
2834,3,3,19,30,0
2835,3,1,14,30,0
2836,3,1,14,30,0
2837,3,3,8,30,0
2838,3,6,18,30,0
2839,3,6,14,30,0
2840,2,4,16,30,0
2841,2,1,11,30,0
2842,3,3,0,30,0
2843,3,3,10,30,0
2844,3,6,19,30,0
2845,3,2,13,30,0
2846,3,3,10,30,0
2847,2,6,8,30,0
2848,2,4,7,30,0
2849,3,4,0,30,0
2850,3,6,18,30,0
2851,3,3,8,30,0
2852,3,4,8,30,0
2853,3,1,8,30,0
2854,3,6,22,30,0
2855,3,1,9,30,0
2856,3,3,10,30,0
2857,3,4,18,30,0
2858,3,1,17,30,0
2859,3,4,21,30,0
2860,3,1,22,30,0
2861,3,3,21,30,0
2862,3,2,16,30,0
2863,3,3,12,30,0
2864,3,3,12,30,0
2865,3,1,21,30,0
2866,2,1,15,30,0
2867,3,1,9,30,0
2868,3,1,19,30,0
2869,3,2,13,30,0
2870,3,4,9,30,0
2871,3,3,14,30,0
2872,3,4,7,40,0
2873,3,6,8,30,0
2874,3,2,16,30,0
2875,3,6,15,30,0
2876,2,6,18,30,0
2877,3,4,8,30,0
2878,3,2,7,30,0
2879,3,2,9,30,0
2880,3,2,18,30,0
2881,3,6,18,30,0
2882,3,2,7,30,0
2883,3,3,8,30,0
2884,3,6,0,30,0
2885,2,2,7,30,0
2886,3,2,7,30,0
2887,3,3,18,30,0
2888,2,3,23,30,0
2889,3,4,17,30,0
2890,3,4,16,30,0
2891,3,4,16,30,0
2892,3,4,8,30,0
2893,3,2,9,30,0
2894,2,2,18,30,0
2895,3,6,22,30,0
2896,3,3,20,30,0
2897,3,3,1,30,0
2898,3,4,16,40,0
2899,3,4,4,30,0
2900,3,4,17,30,0
2901,2,6,13,30,0
2902,3,3,13,30,0
2903,3,3,23,30,0
2904,3,2,21,30,0
2905,3,6,19,30,0
2906,3,3,8,30,0
2907,3,3,11,30,0
2908,3,2,16,30,0
2909,3,1,18,30,0
2910,3,6,18,30,0
2911,3,2,6,30,0
2912,3,1,23,30,0
2913,2,1,8,30,0
2914,3,1,11,30,0
2915,3,3,14,30,0
2916,3,3,8,30,0
2917,3,2,15,30,0
2918,3,2,9,30,0
2919,3,6,17,30,0
2920,3,2,22,30,0
2921,3,2,10,30,0
2922,3,3,18,30,0
2923,3,1,7,30,0
2924,2,4,19,30,0
2925,3,4,22,30,0
2926,2,2,13,30,0
2927,3,4,16,30,0
2928,3,2,13,30,0
2929,3,1,7,30,0
2930,3,1,6,30,0
2931,3,1,9,30,0
2932,3,3,18,30,0
2933,3,2,4,30,0
2934,3,6,13,30,0
2935,2,4,18,30,0
2936,3,4,8,30,0
2937,2,6,9,30,0
2938,3,6,9,30,0
2939,3,6,9,30,0
2940,3,6,0,30,0
2941,3,4,11,30,0
2942,3,6,13,30,0
2943,3,4,9,30,0
2944,3,3,8,30,0
2945,3,3,8,30,0
2946,3,1,23,30,0
2947,2,6,21,30,0
2948,2,3,1,30,0
2949,3,2,18,30,0
2950,3,1,9,30,0
2951,3,1,19,30,0
2952,3,2,8,30,0
2953,3,1,16,30,0
2954,3,3,17,30,0
2955,3,2,8,30,0
2956,2,2,18,30,0
2957,3,3,5,30,0
2958,2,2,11,30,0
2959,3,6,18,30,0
2960,2,1,7,40,0
2961,3,1,17,30,0
2962,3,4,8,30,0
2963,1,1,0,30,0
2964,2,3,20,30,0
2965,3,4,18,30,0
2966,3,4,17,30,0
2967,3,1,7,30,0
2968,3,2,16,30,0
2969,3,1,16,30,0
2970,3,4,19,30,0
2971,3,4,15,30,0
2972,3,6,13,30,0
2973,3,4,12,30,0
2974,2,6,22,30,0
2975,3,1,16,30,0
2976,3,4,22,30,0
2977,3,2,20,30,0
2978,3,6,9,30,0
2979,2,1,8,30,0
2980,2,6,16,30,0
2981,3,6,6,30,0
2982,3,1,15,30,0
2983,3,4,6,30,0
2984,3,3,11,30,0
2985,3,2,19,30,0
2986,3,6,9,30,0
2987,3,2,0,30,0
2988,3,6,8,30,0
2989,1,6,17,30,0
2990,3,2,22,30,0
2991,3,6,17,30,0
2992,3,4,21,30,0
2993,3,3,10,30,0
2994,2,6,21,30,0
2995,3,2,11,30,0
2996,2,1,14,30,0
2997,3,1,17,30,0
2998,3,4,23,30,0
2999,3,3,15,30,0
3000,3,2,1,30,0
3001,2,2,15,30,0
3002,2,1,8,30,0
3003,3,1,13,30,0
3004,2,4,18,30,0
3005,3,1,8,30,0
3006,3,2,8,30,0
3007,3,4,9,30,0
3008,3,6,20,30,0
3009,3,1,18,30,0
3010,3,3,20,30,0
3011,3,2,9,30,0
3012,3,4,8,30,0
3013,3,2,8,40,0
3014,3,2,19,30,0
3015,3,4,18,30,0
3016,2,6,0,30,0
3017,3,1,16,30,0
3018,3,4,18,30,0
3019,3,3,21,30,0
3020,3,1,9,30,0
3021,3,4,20,30,0
3022,3,1,16,30,0
3023,3,6,14,30,0
3024,3,3,18,30,0
3025,3,1,18,30,0
3026,3,1,15,30,0
3027,3,3,1,30,0
3028,3,2,10,30,0
3029,3,2,18,30,0
3030,3,1,9,30,0
3031,3,4,23,30,0
3032,3,6,16,30,0
3033,3,1,10,30,0
3034,3,3,22,30,0
3035,2,6,20,30,0
3036,3,1,14,30,0
3037,3,4,18,30,0
3038,3,3,15,30,0
3039,3,2,17,30,0
3040,3,3,19,30,0
3041,3,4,15,30,0
3042,3,4,19,30,0
3043,3,4,10,30,0
3044,3,3,19,30,0
3045,3,3,16,30,0
3046,3,6,18,30,0
3047,2,1,15,30,0
3048,3,6,17,30,0
3049,2,2,2,30,0
3050,3,4,18,30,0
3051,3,3,16,30,0
3052,3,1,9,30,0
3053,3,3,9,30,0
3054,3,1,9,30,0
3055,3,3,19,30,0
3056,3,4,21,30,0
3057,3,3,15,30,0
3058,2,6,18,30,0
3059,3,6,16,30,0
3060,3,2,6,30,0
3061,3,3,9,30,0
3062,3,1,11,30,0
3063,3,3,10,30,0
3064,2,3,20,30,0
3065,3,6,14,40,0
3066,3,4,23,30,0
3067,3,2,10,30,0
3068,3,1,23,30,0
3069,3,4,16,30,0
3070,3,4,9,30,0
3071,3,6,7,30,0
3072,3,1,9,30,0
3073,2,2,18,30,0
3074,3,2,9,30,0
3075,3,6,15,30,0
3076,3,1,15,30,0
3077,3,3,10,30,0
3078,3,1,13,30,0
3079,3,4,6,30,0
3080,3,3,20,30,0
3081,3,4,14,30,0
3082,3,3,16,30,0
3083,2,3,1,30,0
3084,3,6,15,30,0
3085,3,3,7,30,0
3086,3,1,2,30,0
3087,3,6,19,30,0
3088,3,6,9,30,0
3089,3,4,23,30,0
3090,3,4,17,30,0
3091,3,4,8,30,0
3092,2,6,13,30,0
3093,3,2,6,30,0
3094,3,4,18,30,0
3095,3,2,8,30,0
3096,3,2,7,30,0
3097,3,2,18,30,0
3098,3,4,8,30,0
3099,3,1,11,30,0
3100,3,1,16,30,0
3101,3,3,21,30,0
3102,3,6,9,30,0
3103,3,4,11,30,0
3104,3,1,13,30,0
3105,3,2,13,30,0
3106,3,1,15,30,0
3107,3,4,22,30,0
3108,2,6,10,30,0
3109,3,1,21,30,0
3110,3,6,13,30,0
3111,3,3,8,30,0
3112,3,1,1,30,0
3113,3,3,11,30,0
3114,3,6,20,30,0
3115,3,1,10,30,0
3116,2,6,13,30,0
3117,3,2,8,30,0
3118,3,6,0,30,0
3119,3,4,11,30,0
3120,3,2,8,30,0
3121,3,1,18,30,0
3122,3,2,16,30,0
3123,3,6,17,30,0
3124,3,6,18,30,0
3125,3,4,8,30,0
3126,3,2,18,30,0
3127,3,3,19,30,0
3128,3,3,7,30,0
3129,3,4,22,30,0
3130,3,4,22,30,0
3131,3,6,22,30,0
3132,3,6,3,30,0
3133,3,4,10,30,0
3134,3,4,16,30,0
3135,3,2,19,30,0
3136,3,4,20,30,0
3137,3,1,7,30,0
3138,3,1,8,30,0
3139,3,4,14,30,0
3140,3,6,22,30,0
3141,3,6,9,30,0
3142,3,1,8,30,0
3143,3,4,7,30,0
3144,3,3,18,30,0
3145,2,4,18,30,0
3146,3,2,18,30,0
3147,3,2,21,30,0
3148,3,3,13,30,0
3149,3,3,15,30,0
3150,3,1,18,30,0
3151,3,2,13,30,0
3152,3,2,11,30,0
3153,3,6,16,30,0
3154,3,2,10,30,0
3155,3,2,8,30,0
3156,3,3,8,30,0
3157,3,2,14,30,0
3158,3,4,22,30,0
3159,3,6,13,30,0
3160,3,6,14,30,0
3161,3,3,20,30,0
3162,3,1,17,30,0
3163,3,1,3,30,0
3164,3,4,13,30,0
3165,3,6,11,30,0
3166,3,2,0,30,0
3167,3,1,18,30,0
3168,3,2,17,30,0
3169,2,6,18,30,0
3170,3,6,18,30,0
3171,3,2,14,30,0
3172,3,4,10,30,0
3173,3,2,9,30,0
3174,3,1,19,30,0
3175,3,6,0,30,0
3176,2,1,16,30,0
3177,3,4,11,30,0
3178,3,1,9,30,0
3179,3,4,20,30,0
3180,3,6,22,30,0
3181,3,4,22,30,0
3182,3,6,16,30,0
3183,3,3,18,30,0
3184,3,3,9,30,0
3185,3,4,15,20,0
3186,3,1,19,30,0
3187,3,4,12,30,0
3188,3,6,18,30,0
3189,3,6,15,30,0
3190,3,2,2,30,0
3191,3,2,15,30,0
3192,3,3,12,30,0
3193,3,1,7,30,0
3194,3,2,19,30,0
3195,3,6,17,30,0
3196,3,3,10,30,0
3197,3,4,19,30,0
3198,3,4,17,30,0
3199,2,6,12,30,0
3200,3,2,11,30,0
3201,3,6,11,30,0
3202,3,3,9,30,0
3203,3,1,3,30,0
3204,3,6,8,30,0
3205,3,6,9,30,0
3206,2,4,17,30,0
3207,3,2,7,30,0
3208,3,2,16,30,0
3209,3,4,17,30,0
3210,3,3,4,30,0
3211,3,6,8,30,0
3212,3,1,21,30,0
3213,3,1,7,30,0
3214,3,6,2,20,0
3215,3,3,19,30,0
3216,3,2,18,30,0
3217,3,1,12,30,0
3218,3,6,15,30,0
3219,3,4,15,30,0
3220,3,1,13,30,0
3221,3,2,7,30,0
3222,3,6,14,30,0
3223,3,3,8,30,0
3224,3,4,9,30,0
3225,3,6,18,30,0
3226,3,4,2,30,0
3227,3,1,16,30,0
3228,3,1,7,30,0
3229,3,2,6,30,0
3230,3,4,20,30,0
3231,3,6,16,30,0
3232,3,4,10,30,0
3233,2,6,15,30,0
3234,3,6,6,30,0
3235,3,4,7,30,0
3236,3,6,16,30,0
3237,3,3,17,30,0
3238,3,6,8,30,0
3239,3,4,9,30,0
3240,3,2,7,30,0
3241,2,4,17,30,0
3242,3,3,14,20,0
3243,3,1,19,30,0
3244,3,2,20,30,0
3245,3,1,12,30,0
3246,3,3,18,30,0
3247,3,4,10,30,0
3248,3,6,12,30,0
3249,3,3,16,30,0
3250,3,2,19,30,0
3251,3,1,15,30,0
3252,3,4,8,30,0
3253,3,1,9,30,0
3254,3,1,20,30,0
3255,3,4,11,30,0
3256,3,2,12,30,0
3257,3,6,11,30,0
3258,3,4,19,30,0
3259,3,6,8,30,0
3260,3,6,14,30,0
3261,3,4,10,30,0
3262,3,3,7,30,0
3263,3,2,11,30,0
3264,3,3,17,30,0
3265,3,4,23,30,0
3266,3,6,16,30,0
3267,3,1,0,30,0
3268,3,1,3,30,0
3269,3,4,7,30,0
3270,3,2,13,30,0
3271,3,6,11,30,0
3272,3,6,0,30,0
3273,3,3,18,30,0
3274,3,6,1,30,0
3275,3,4,2,30,0
3276,3,1,3,30,0
3277,3,6,15,30,0
3278,3,6,17,30,0
3279,3,6,15,30,0
3280,3,2,13,30,0
3281,3,3,20,30,0
3282,3,2,21,30,0
3283,3,1,11,30,0
3284,3,4,6,30,0
3285,3,1,8,30,0
3286,3,6,19,30,0
3287,3,3,17,30,0
3288,3,3,2,30,0
3289,3,4,14,30,0
3290,2,6,7,30,0
3291,3,2,7,30,0
3292,3,3,19,30,0
3293,3,2,19,30,0
3294,3,3,12,30,0
3295,3,3,22,30,0
3296,3,1,0,30,0
3297,3,2,23,30,0
3298,3,6,0,30,0
3299,3,1,17,30,0
3300,3,3,11,30,0
3301,3,6,3,30,0
3302,3,4,14,30,0
3303,3,6,17,30,0
3304,3,3,18,30,0
3305,3,4,20,30,0
3306,3,3,3,30,0
3307,2,1,20,30,0
3308,3,6,14,30,0
3309,3,1,12,30,0
3310,3,4,8,30,0
3311,3,1,17,30,0
3312,3,1,18,30,0
3313,3,2,12,30,0
3314,3,4,12,30,0
3315,3,3,14,30,0
3316,3,6,12,30,0
3317,3,3,1,30,0
3318,3,6,18,30,0
3319,3,2,10,40,0
3320,3,2,14,30,0
3321,3,2,13,30,0
3322,3,3,15,30,0
3323,3,2,0,30,0
3324,3,6,20,30,0
3325,3,6,17,30,0
3326,3,6,12,30,0
3327,3,4,8,30,0
3328,3,4,10,30,0
3329,3,3,19,30,0
3330,3,2,10,30,0
3331,3,4,22,30,0
3332,3,2,17,30,0
3333,3,1,12,30,0
3334,3,4,18,30,0
3335,3,3,17,30,0
3336,3,1,13,30,0
3337,3,3,17,30,0
3338,3,2,17,30,0
3339,3,4,17,30,0
3340,3,6,11,30,0
3341,3,2,12,30,0
3342,3,6,18,30,0
3343,3,6,8,30,0
3344,3,3,17,30,0
3345,3,3,16,30,0
3346,2,4,11,30,0
3347,3,4,8,30,0
3348,2,2,4,30,0
3349,3,4,13,30,0
3350,3,1,8,30,0
3351,3,4,9,30,0
3352,3,6,18,30,0
3353,3,3,16,30,0
3354,3,2,18,30,0
3355,3,4,1,30,0
3356,3,4,0,30,0
3357,3,3,15,30,0
3358,3,2,1,30,0
3359,3,3,13,30,0
3360,3,6,13,30,0
3361,3,6,12,30,0
3362,3,6,4,30,0
3363,2,6,18,30,0
3364,3,3,20,30,0
3365,3,6,12,30,0
3366,3,2,19,30,0
3367,2,2,8,30,0
3368,3,3,14,30,0
3369,3,6,8,30,0
3370,3,1,17,30,0
3371,3,1,10,30,0
3372,3,1,10,30,0
3373,3,2,23,30,0
3374,3,2,1,30,0
3375,3,4,13,30,0
3376,3,6,14,30,0
3377,3,2,21,30,0
3378,3,6,8,30,0
3379,3,3,9,30,0
3380,3,1,18,30,0
3381,3,3,15,30,0
3382,3,1,17,30,0
3383,3,4,13,30,0
3384,3,1,15,30,0
3385,2,3,7,30,0
3386,3,6,8,30,0
3387,3,2,17,30,0
3388,3,2,20,30,0
3389,2,1,18,30,0
3390,3,1,8,30,0
3391,3,3,8,30,0
3392,3,6,12,30,0
3393,3,1,17,30,0
3394,3,2,16,30,0
3395,3,6,23,30,0
3396,2,6,14,30,0
3397,3,4,15,30,0
3398,3,1,21,30,0
3399,3,6,11,30,0
3400,2,1,23,30,0
3401,3,1,10,30,0
3402,3,6,7,30,0
3403,3,1,17,30,0
3404,3,6,19,30,0
3405,3,2,0,30,0
3406,3,2,15,30,0
3407,3,3,18,30,0
3408,3,4,14,30,0
3409,3,6,8,30,0
3410,3,3,8,30,0
3411,3,4,17,30,0
3412,2,4,17,30,0
3413,3,4,8,30,0
3414,3,6,22,30,0
3415,3,1,15,30,0
3416,2,3,15,30,0
3417,3,3,16,30,0
3418,3,6,18,30,0
3419,3,3,17,30,0
3420,3,4,19,30,0
3421,3,4,15,30,0
3422,3,1,10,30,0
3423,2,4,13,30,0
3424,2,3,11,30,0
3425,3,2,12,30,0
3426,3,2,9,30,0
3427,3,6,12,30,0
3428,3,2,18,30,0
3429,3,4,13,30,0
3430,3,3,13,30,0
3431,2,6,23,30,0
3432,3,1,15,30,0
3433,3,3,19,30,0
3434,3,1,8,30,0
3435,3,2,9,30,0
3436,3,4,9,30,0
3437,3,6,12,30,0
3438,3,3,12,30,0
3439,3,3,15,30,0
3440,3,2,15,30,0
3441,3,2,18,30,0
3442,3,2,16,30,0
3443,3,1,18,30,0
3444,2,2,19,30,0
3445,3,4,22,30,0
3446,3,6,14,30,0
3447,3,6,13,30,0
3448,3,3,15,30,0
3449,3,4,16,30,0
3450,3,6,21,30,0
3451,2,6,14,30,0
3452,3,6,19,30,0
3453,3,2,12,30,0
3454,3,6,9,30,0
3455,3,6,21,30,0
3456,3,4,12,30,0
3457,2,3,8,30,0
3458,3,3,17,30,0
3459,3,4,10,30,0
3460,3,3,17,30,0
3461,3,6,9,30,0
3462,3,2,19,30,0
3463,3,6,1,30,0
3464,3,1,10,30,0
3465,2,4,16,30,0
3466,3,4,12,30,0
3467,2,2,21,30,0
3468,3,2,9,30,0
3469,3,3,9,30,0
3470,3,6,10,30,0
3471,3,1,17,30,0
3472,3,4,6,30,0
3473,3,1,20,30,0
3474,3,6,11,30,0
3475,3,6,18,30,0
3476,3,2,3,30,0
3477,3,4,23,30,0
3478,3,4,10,30,0
3479,2,4,10,30,0
3480,2,2,19,30,0
3481,3,3,16,30,0
3482,3,6,20,30,0
3483,3,4,19,30,0
3484,2,1,16,30,0
3485,3,4,10,30,0
3486,3,1,17,30,0
3487,3,2,8,30,0
3488,3,2,14,30,0
3489,2,3,18,30,0
3490,3,4,12,30,0
3491,3,4,8,30,0
3492,3,3,12,30,0
3493,3,4,14,30,0
3494,3,6,7,30,0
3495,3,3,13,30,0
3496,3,6,12,30,0
3497,3,3,18,30,0
3498,3,1,19,30,0
3499,3,6,22,30,0
3500,3,3,7,30,0
3501,3,1,10,30,0
3502,3,3,17,30,0
3503,2,1,10,30,0
3504,2,2,8,30,0
3505,3,6,15,30,0
3506,3,4,16,30,0
3507,3,2,18,30,0
3508,3,1,19,30,0
3509,3,4,5,30,0
3510,3,4,6,30,0
3511,3,2,18,30,0
3512,2,2,17,30,0
3513,3,1,18,30,0
3514,3,3,8,30,0
3515,3,3,8,30,0
3516,2,4,1,30,0
3517,3,2,11,30,0
3518,2,1,12,30,0
3519,3,4,18,30,0
3520,3,6,17,30,0
3521,3,4,22,30,0
3522,3,1,12,30,0
3523,3,1,10,30,0
3524,3,1,18,30,0
3525,2,6,13,30,0
3526,3,6,14,30,0
3527,3,4,10,30,0
3528,3,1,10,30,0
3529,3,1,13,30,0
3530,3,4,13,30,0
3531,3,4,16,30,0
3532,3,1,11,30,0
3533,3,3,13,30,0
3534,3,1,11,30,0
3535,3,2,9,30,0
3536,3,6,9,30,0
3537,3,6,8,30,0
3538,3,2,16,30,0
3539,3,1,15,30,0
3540,3,6,14,30,0
3541,3,4,13,30,0
3542,3,6,20,30,0
3543,3,2,18,30,0
3544,3,4,18,30,0
3545,3,1,10,30,0
3546,3,2,22,30,0
3547,3,4,22,30,0
3548,2,3,0,30,0
3549,3,4,1,30,0
3550,3,2,14,30,0
3551,3,1,17,30,0
3552,3,6,22,30,0
3553,3,2,14,30,0
3554,3,3,20,30,0
3555,3,2,19,30,0
3556,3,2,14,30,0
3557,3,3,13,30,0
3558,3,6,16,30,0
3559,3,6,18,30,0
3560,3,3,20,30,0
3561,3,6,18,30,0
3562,3,1,15,30,0
3563,3,6,20,30,0
3564,3,2,20,30,0
3565,3,4,23,30,0
3566,3,1,16,30,0
3567,3,3,18,30,0
3568,3,2,8,30,0
3569,3,4,21,30,0
3570,3,6,17,30,0
3571,3,3,18,30,0
3572,2,4,19,30,0
3573,3,2,15,30,0
3574,3,4,9,30,0
3575,3,3,14,30,0
3576,3,3,13,30,0
3577,2,4,16,30,0
3578,3,6,10,30,0
3579,2,1,18,30,0
3580,2,3,17,30,0
3581,3,4,8,30,0
3582,3,3,14,30,0
3583,3,2,14,30,0
3584,3,4,6,30,0
3585,3,1,14,30,0
3586,3,6,7,30,0
3587,3,1,18,30,0
3588,3,6,13,30,0
3589,2,3,4,30,0
3590,3,3,21,30,0
3591,3,4,22,30,0
3592,3,6,11,30,0
3593,3,4,23,30,0
3594,3,1,4,30,0
3595,3,6,3,30,0
3596,2,3,5,30,0
3597,3,3,12,30,0
3598,3,4,13,30,0
3599,3,4,13,30,0
3600,3,1,9,30,0
3601,3,1,10,30,0
3602,3,2,19,30,0
3603,2,3,13,30,0
3604,3,2,17,30,0
3605,2,3,20,30,0
3606,3,6,1,30,0
3607,3,2,16,30,0
3608,3,2,8,30,0
3609,3,6,20,30,0
3610,3,3,12,30,0
3611,3,4,11,30,0
3612,3,6,9,30,0
3613,3,4,8,30,0
3614,3,1,18,30,0
3615,3,2,16,30,0
3616,3,6,15,30,0
3617,3,6,16,30,0
3618,3,3,18,30,0
3619,2,1,9,30,0
3620,3,3,3,30,0
3621,3,4,12,30,0
3622,3,6,18,30,0
3623,3,6,13,30,0
3624,3,3,13,30,0
3625,2,3,15,30,0
3626,3,4,22,30,0
3627,3,3,8,30,0
3628,3,2,13,30,0
3629,3,4,7,30,0
3630,2,2,10,30,0
3631,3,6,2,30,0
3632,3,4,0,30,0
3633,3,1,12,30,0
3634,3,2,8,30,0
3635,2,3,16,30,0
3636,3,6,3,30,0
3637,3,1,18,30,0
3638,3,2,9,30,0
3639,3,1,9,30,0
3640,3,2,10,30,0
3641,3,3,8,30,0
3642,3,3,22,30,0
3643,3,6,10,30,0
3644,3,2,14,30,0
3645,3,4,9,40,0
3646,3,4,15,30,0
3647,3,6,7,30,0
3648,3,4,18,30,0
3649,3,6,16,30,0
3650,3,3,20,30,0
3651,3,3,12,30,0
3652,3,6,22,30,0
3653,3,4,9,30,0
3654,3,2,13,30,0
3655,3,4,15,30,0
3656,2,4,8,30,0
3657,2,1,12,30,0
3658,3,2,15,30,0
3659,3,2,20,30,0
3660,3,1,21,30,0
3661,3,1,18,30,0
3662,2,6,18,30,0
3663,3,6,1,30,0
3664,2,4,22,30,0
3665,3,3,8,30,0
3666,3,1,8,30,0
3667,3,3,14,30,0
3668,3,2,13,30,0
3669,3,3,18,30,0
3670,3,6,17,30,0
3671,3,3,2,30,0
3672,3,6,14,30,0
3673,3,1,23,30,0
3674,3,2,10,30,0
3675,3,3,12,30,0
3676,3,3,12,30,0
3677,3,4,7,30,0
3678,3,4,11,30,0
3679,3,4,11,30,0
3680,3,6,7,50,0
3681,3,6,6,30,0
3682,3,6,8,30,0
3683,3,3,8,30,0
3684,3,4,15,30,0
3685,3,2,17,30,0
3686,3,6,16,30,0
3687,2,2,23,30,0
3688,3,1,17,30,0
3689,3,2,10,30,0
3690,3,2,13,30,0
3691,3,2,16,30,0
3692,3,2,18,30,0
3693,3,2,6,40,0
3694,3,6,17,30,0
3695,3,3,7,30,0
3696,3,2,17,30,0
3697,3,1,16,30,0
3698,3,4,13,30,0
3699,3,3,23,30,0
3700,3,6,16,30,0
3701,3,4,17,30,0
3702,3,2,18,30,0
3703,3,4,6,30,0
3704,2,4,12,30,0
3705,3,6,14,30,0
3706,3,6,20,30,0
3707,3,6,15,30,0
3708,2,3,17,30,0
3709,3,3,19,30,0
3710,3,2,1,70,0
3711,3,3,20,30,0
3712,3,6,12,30,0
3713,3,2,6,30,0
3714,3,6,13,30,0
3715,3,6,3,30,0
3716,3,3,7,30,0
3717,2,4,17,30,0
3718,3,2,11,30,0
3719,2,1,10,30,0
3720,2,4,11,30,0
3721,3,4,17,30,0
3722,3,6,23,30,0
3723,3,6,9,30,0
3724,3,4,17,30,0
3725,3,6,18,30,0
3726,3,4,16,30,0
3727,3,6,12,30,0
3728,3,6,15,30,0
3729,3,4,17,30,0
3730,3,3,12,30,0
3731,3,3,10,30,0
3732,3,6,12,30,0
3733,3,2,13,30,0
3734,3,4,15,30,0
3735,2,2,20,30,0
3736,3,4,18,30,0
3737,3,1,10,30,0
3738,3,1,8,30,0
3739,3,6,11,30,0
3740,3,6,16,30,0
3741,2,3,18,30,0
3742,2,4,11,30,0
3743,3,2,8,30,0
3744,3,3,18,30,0
3745,3,1,14,30,0
3746,3,3,18,30,0
3747,3,1,17,30,0
3748,3,1,20,30,0
3749,3,6,15,30,0
3750,2,4,8,30,0
3751,3,4,16,30,0
3752,3,3,15,30,0
3753,3,6,19,40,0
3754,3,3,2,30,0
3755,3,1,8,30,0
3756,3,4,5,30,0
3757,3,2,19,30,0
3758,3,6,2,30,0
3759,3,4,13,30,0
3760,3,4,17,30,0
3761,3,4,11,30,0
3762,3,3,8,30,0
3763,3,6,8,50,0
3764,3,1,8,30,0
3765,3,2,8,30,0
3766,3,2,15,30,0
3767,3,6,8,30,0
3768,3,2,0,30,0
3769,3,3,23,50,0
3770,3,2,21,30,0
3771,3,3,17,40,0
3772,3,3,17,30,0
3773,3,6,16,30,0
3774,3,6,11,30,0
3775,3,3,9,40,0
3776,3,1,12,30,0
3777,3,6,6,30,0
3778,2,2,21,30,0
3779,3,1,17,30,0
3780,3,3,2,30,0
3781,3,6,9,30,0
3782,3,6,15,30,0
3783,3,4,19,30,0
3784,3,6,18,30,0
3785,3,2,7,30,0
3786,3,4,20,30,0
3787,3,3,19,30,0
3788,3,2,7,30,0
3789,2,6,17,30,0
3790,3,4,16,30,0
3791,3,4,13,30,0
3792,3,2,18,30,0
3793,3,2,18,30,0
3794,3,1,18,30,0
3795,3,4,15,30,0
3796,3,2,20,30,0
3797,3,2,19,30,0
3798,3,2,13,30,0
3799,3,4,18,30,0
3800,3,1,15,30,0
3801,3,6,17,30,0
3802,3,4,19,30,0
3803,3,3,15,30,0
3804,3,6,2,30,0
3805,3,4,21,30,0
3806,3,3,1,30,0
3807,3,3,19,30,0
3808,3,3,7,30,0
3809,3,4,8,30,0
3810,3,2,1,30,0
3811,3,6,18,30,0
3812,3,2,17,30,0
3813,3,3,9,30,0
3814,3,3,11,30,0
3815,3,4,17,30,0
3816,3,6,14,30,0
3817,3,6,15,30,0
3818,3,4,11,30,0
3819,3,3,8,30,0
3820,3,1,19,30,0
3821,3,6,16,30,0
3822,3,3,17,30,0
3823,3,2,15,30,0
3824,3,2,17,30,0
3825,3,4,21,30,0
3826,3,6,17,30,0
3827,3,2,19,30,0
3828,3,1,16,30,0
3829,2,2,10,30,0
3830,3,1,6,30,0
3831,3,1,14,30,0
3832,3,2,15,30,0
3833,3,6,3,30,0
3834,3,4,5,30,0
3835,3,3,16,30,0
3836,3,1,15,30,0
3837,3,2,9,30,0
3838,3,3,2,30,0
3839,3,4,11,30,0
3840,3,2,17,30,0
3841,3,1,12,40,0
3842,3,6,22,30,0
3843,3,1,16,30,0
3844,3,1,1,30,0
3845,3,3,3,30,0
3846,3,4,15,30,0
3847,2,6,0,30,0
3848,3,6,16,40,0
3849,3,3,18,30,0
3850,3,4,17,30,0
3851,3,6,17,30,0
3852,3,6,22,30,0
3853,3,2,21,50,0
3854,3,3,17,30,0
3855,3,1,17,30,0
3856,3,1,12,30,0
3857,3,4,8,30,0
3858,2,4,17,30,0
3859,3,4,20,30,0
3860,3,3,11,30,0
3861,3,2,14,50,0
3862,3,2,14,30,0
3863,3,3,0,30,0
3864,2,6,12,30,0
3865,3,3,17,30,0
3866,2,1,19,30,0
3867,3,4,10,30,0
3868,3,3,10,30,0
3869,3,6,18,30,0
3870,3,3,17,30,0
3871,3,6,18,30,0
3872,3,6,14,30,0
3873,3,4,16,30,0
3874,3,3,17,30,0
3875,3,6,16,30,0
3876,3,3,10,30,0
3877,3,3,18,30,0
3878,3,2,13,30,0
3879,3,2,10,30,0
3880,3,3,8,30,0
3881,3,1,21,30,0
3882,3,3,11,30,0
3883,3,6,10,30,0
3884,3,6,4,30,0
3885,3,6,21,30,0
3886,3,3,11,30,0
3887,3,2,17,30,0
3888,3,1,19,30,0
3889,3,4,23,30,0
3890,3,1,7,30,0
3891,3,1,19,30,0
3892,3,3,19,30,0
3893,3,4,15,30,0
3894,3,2,9,30,0
3895,3,1,9,30,0
3896,3,2,2,30,0
3897,3,1,19,30,0
3898,3,4,6,30,0
3899,3,4,0,30,0
3900,3,1,8,30,0
3901,3,2,15,30,0
3902,3,6,15,30,0
3903,3,3,17,30,0
3904,3,6,12,30,0
3905,2,6,19,30,0
3906,3,6,16,50,0
3907,3,6,20,30,0
3908,3,4,6,30,0
3909,3,6,18,30,0
3910,3,3,19,30,0
3911,3,1,22,30,0
3912,3,6,1,30,0
3913,3,2,11,30,0
3914,3,3,12,30,0
3915,3,3,17,30,0
3916,3,4,19,30,0
3917,3,6,9,30,0
3918,3,3,1,30,0
3919,3,4,12,30,0
3920,2,6,10,30,0
3921,3,2,15,30,0
3922,3,2,14,30,0
3923,3,6,10,30,0
3924,3,6,12,30,0
3925,2,4,10,30,0
3926,3,1,19,30,0
3927,3,1,19,30,0
3928,3,1,4,30,0
3929,3,3,0,30,0
3930,3,2,22,30,0
3931,3,1,20,30,0
3932,3,6,16,30,0
3933,2,4,17,30,0
3934,3,3,18,30,0
3935,3,6,22,30,0
3936,3,1,1,30,0
3937,3,1,4,30,0
3938,3,6,11,30,0
3939,2,6,14,30,0
3940,3,4,14,30,0
3941,3,6,13,30,0
3942,3,1,7,30,0
3943,3,1,7,30,0
3944,3,3,8,30,0
3945,3,4,10,30,0
3946,3,4,17,30,0
3947,3,1,8,30,0
3948,3,2,23,30,0
3949,3,4,18,30,0
3950,3,2,16,30,0
3951,2,2,8,30,0
3952,2,2,16,30,0
3953,3,4,21,40,0
3954,3,2,17,30,0
3955,3,1,18,30,0
3956,3,4,15,30,0
3957,3,4,15,30,0
3958,3,1,7,30,0
3959,3,1,8,30,0
3960,3,1,4,30,0
3961,3,4,16,30,0
3962,3,4,10,30,0
3963,3,3,16,30,0
3964,3,6,20,30,0
3965,3,3,19,30,0
3966,2,2,16,30,0
3967,3,1,18,30,0
3968,3,1,8,30,0
3969,3,1,2,30,0
3970,3,4,16,30,0
3971,3,1,11,30,0
3972,3,3,19,30,0
3973,3,1,21,30,0
3974,3,1,11,30,0
3975,3,2,4,70,0
3976,3,2,3,30,0
3977,3,2,11,30,0
3978,3,3,11,30,0
3979,3,4,14,30,0
3980,3,3,17,30,0
3981,3,4,18,30,0
3982,2,4,11,30,0
3983,3,1,8,30,0
3984,3,1,20,30,0
3985,3,4,17,30,0
3986,3,3,1,30,0
3987,3,6,13,30,0
3988,3,3,18,30,0
3989,3,2,17,30,0
3990,2,4,9,30,0
3991,3,6,10,30,0
3992,3,2,17,30,0
3993,3,1,23,30,0
3994,3,3,2,30,0
3995,3,4,7,30,0
3996,3,4,15,30,0
3997,3,3,16,30,0
3998,3,3,20,30,0
3999,3,1,18,30,0
4000,3,2,21,30,0
4001,3,1,2,30,0
4002,3,6,17,30,0
4003,3,1,8,30,0
4004,3,6,16,30,0
4005,3,6,6,30,0
4006,3,4,5,30,0
4007,3,3,16,30,0
4008,3,3,2,30,0
4009,3,1,8,30,0
4010,3,4,14,30,0
4011,3,2,9,30,0
4012,3,4,5,30,0
4013,3,3,2,30,0
4014,3,4,16,30,0
4015,3,2,4,30,0
4016,3,2,15,30,0
4017,3,1,23,30,0
4018,3,4,4,30,0
4019,2,1,0,30,0
4020,3,6,2,30,0
4021,3,6,8,30,0
4022,3,2,9,30,0
4023,2,2,17,30,0
4024,2,4,20,30,0
4025,3,1,22,30,0
4026,3,1,22,30,0
4027,3,1,12,30,0
4028,3,4,3,30,0
4029,3,2,17,30,0
4030,3,4,17,30,0
4031,3,4,8,30,0
4032,3,4,14,30,0
4033,3,4,7,30,0
4034,3,2,5,30,0
4035,3,1,10,30,0
4036,3,2,9,30,0
4037,3,2,23,30,0
4038,3,2,9,30,0
4039,3,3,9,30,0
4040,3,6,12,30,0
4041,3,1,22,30,0
4042,3,4,7,30,0
4043,3,6,1,30,0
4044,3,6,10,30,0
4045,3,3,3,30,0
4046,3,1,4,30,0
4047,3,4,3,30,0
4048,3,3,23,30,0
4049,3,6,16,30,0
4050,3,6,10,30,0
4051,3,4,2,30,0
4052,3,1,8,30,0
4053,3,3,11,30,0
4054,3,3,7,30,0
4055,3,4,22,30,0
4056,3,6,8,30,0
4057,3,3,20,30,0
4058,3,6,12,30,0
4059,2,1,10,30,0
4060,3,6,7,30,0
4061,3,1,23,30,0
4062,3,2,20,30,0
4063,3,2,3,30,0
4064,3,1,4,30,0
4065,3,6,4,30,0
4066,3,6,23,30,0
4067,3,2,18,30,0
4068,3,2,4,30,0
4069,3,2,10,30,0
4070,3,3,23,30,0
4071,3,1,5,30,0
4072,3,3,17,50,0
4073,3,2,11,30,0
4074,3,3,3,30,0
4075,3,1,7,30,0
4076,3,3,4,30,0
4077,3,4,8,30,0
4078,3,2,22,30,0
4079,3,2,7,30,0
4080,3,1,18,30,0
4081,3,4,5,30,0
4082,3,4,15,30,0
4083,3,1,21,30,0
4084,3,6,3,30,0
4085,3,3,16,30,0
4086,3,3,10,30,0
4087,3,1,11,30,0
4088,3,4,8,30,0
4089,3,4,1,30,0
4090,3,3,1,30,0
4091,3,6,16,30,0
4092,3,6,16,30,0
4093,3,3,13,30,0
4094,3,2,10,30,0
4095,3,4,3,30,0
4096,3,4,14,30,0
4097,3,6,8,30,0
4098,3,4,0,30,0
4099,2,3,0,30,0
4100,3,2,13,30,0
4101,3,1,3,30,0
4102,3,6,21,30,0
4103,3,2,15,30,0
4104,3,2,0,30,0
4105,3,2,16,30,0
4106,3,3,10,30,0
4107,3,3,6,30,0
4108,3,1,0,30,0
4109,3,3,15,30,0
4110,3,3,8,30,0
4111,3,4,18,30,0
4112,3,6,20,30,0
4113,3,1,18,30,0
4114,3,1,20,30,0
4115,3,1,17,30,0
4116,3,1,14,30,0
4117,2,2,5,30,0
4118,3,6,4,30,0
4119,3,6,1,30,0
4120,3,3,17,30,0
4121,3,2,22,30,0
4122,3,6,17,30,0
4123,3,1,8,30,0
4124,3,4,6,30,0
4125,3,1,21,30,0
4126,3,3,13,30,0
4127,2,2,9,30,0
4128,3,3,22,30,0
4129,3,2,18,30,0
4130,3,3,23,30,0
4131,3,3,16,30,0
4132,3,4,1,30,0
4133,3,3,14,30,0
4134,3,2,2,30,0
4135,3,1,5,30,0
4136,3,2,11,30,0
4137,3,2,23,30,0
4138,3,4,14,30,0
4139,3,2,10,30,0
4140,3,3,20,30,0
4141,3,3,20,30,0
4142,3,2,4,30,0
4143,3,1,7,30,0
4144,3,4,2,30,0
4145,3,4,0,30,0
4146,3,1,2,30,0
4147,3,2,7,30,0
4148,3,2,3,30,0
4149,3,1,17,30,0
4150,3,2,17,30,0
4151,3,6,8,30,0
4152,3,3,13,30,0
4153,3,3,7,30,0
4154,3,3,11,30,0
4155,3,6,21,30,0
4156,3,3,18,30,0
4157,3,1,23,30,0
4158,3,1,18,30,0
4159,3,6,2,30,0
4160,3,4,5,30,0
4161,3,3,3,30,0
4162,3,1,18,30,0
4163,3,6,0,30,0
4164,3,3,13,30,0
4165,3,6,8,30,0
4166,3,1,9,30,0
4167,3,2,23,30,0
4168,3,6,7,30,0
4169,3,4,22,30,0
4170,3,1,12,30,0
4171,3,2,5,30,0
4172,3,3,20,30,0
4173,3,3,17,30,0
4174,3,6,5,30,0
4175,3,1,0,30,0
4176,3,3,8,30,0
4177,3,1,21,30,0
4178,3,4,20,30,0
4179,3,6,17,30,0
4180,3,6,18,30,0
4181,3,1,1,40,0
4182,3,3,18,30,0
4183,3,6,20,30,0
4184,3,2,23,30,0
4185,3,4,9,30,0
4186,3,6,22,30,0
4187,3,1,17,30,0
4188,3,2,10,30,0
4189,2,3,13,30,0
4190,3,1,23,30,0
4191,3,1,12,30,0
4192,3,1,8,30,0
4193,3,1,23,30,0
4194,3,6,13,30,0
4195,3,4,15,30,0
4196,3,3,16,30,0
4197,2,4,1,40,0
4198,3,3,14,30,0
4199,3,6,12,30,0
4200,3,3,23,30,0
4201,3,2,12,30,0
4202,3,3,2,30,0
4203,3,2,11,30,0
4204,3,2,23,30,0
4205,3,1,18,30,0
4206,3,4,20,30,0
4207,3,4,5,30,0
4208,2,4,23,30,0
4209,3,2,12,30,0
4210,2,3,9,30,0
4211,3,4,13,30,0
4212,3,1,22,30,0
4213,3,4,21,30,0
4214,3,1,12,30,0
4215,3,2,9,30,0
4216,3,2,15,30,0
4217,3,4,3,30,0
4218,3,2,6,30,0
4219,3,6,6,30,0
4220,3,1,6,30,0
4221,2,1,7,30,0
4222,3,1,18,30,0
4223,3,1,1,30,0
4224,3,2,16,30,0
4225,3,4,4,30,0
4226,3,4,14,30,0
4227,3,4,23,30,0
4228,3,3,8,30,0
4229,3,4,7,30,0
4230,3,2,23,30,0
4231,3,6,1,30,0
4232,3,1,17,30,0
4233,2,1,21,30,0
4234,3,2,20,30,0
4235,2,1,15,30,0
4236,3,6,18,30,0
4237,2,4,10,30,0
4238,3,4,2,30,0
4239,3,6,11,30,0
4240,3,3,21,30,0
4241,3,4,12,30,0
4242,3,3,12,30,0
4243,3,6,0,30,0
4244,3,2,10,30,0
4245,3,2,8,30,0
4246,2,2,11,30,0
4247,3,1,22,30,0
4248,3,1,4,30,0
4249,2,3,8,30,0
4250,3,1,22,30,0
4251,3,4,0,30,0
4252,3,2,12,30,0
4253,3,2,8,30,0
4254,3,4,3,30,0
4255,3,1,22,30,0
4256,3,2,20,30,0
4257,3,2,10,30,0
4258,3,2,5,30,0
4259,3,1,17,30,0
4260,3,2,2,30,0
4261,3,1,3,30,0
4262,3,3,8,30,0
4263,3,4,17,30,0
4264,3,4,3,30,0
4265,3,3,12,30,0
4266,3,6,2,30,0
4267,3,6,3,30,0
4268,3,3,0,30,0
4269,3,4,17,30,0
4270,3,3,23,30,0
4271,3,2,15,30,0
4272,3,1,11,30,0
4273,3,2,12,30,0
4274,3,2,0,30,0
4275,3,4,9,30,0
4276,3,2,6,30,0
4277,3,2,21,30,0
4278,3,1,16,30,0
4279,3,3,18,30,0
4280,3,2,11,30,0
4281,3,6,22,30,0
4282,3,4,14,30,0
4283,3,6,2,30,0
4284,3,3,9,30,0
4285,3,1,21,30,0
4286,3,6,16,30,0
4287,3,3,0,30,0
4288,3,1,21,30,0
4289,3,1,8,30,0
4290,3,4,10,30,0
4291,3,6,14,30,0
4292,3,2,1,30,0
4293,3,2,21,30,0
4294,3,4,13,30,0
4295,3,6,4,30,0
4296,3,2,22,30,0
4297,3,4,22,30,0
4298,3,3,22,30,0
4299,3,2,8,30,0
4300,3,6,16,30,0
4301,3,6,13,30,0
4302,3,4,18,30,0
4303,3,1,10,30,0
4304,3,1,5,30,0
4305,3,1,18,30,0
4306,3,4,2,30,0
4307,3,6,14,30,0
4308,3,3,4,30,0
4309,3,3,0,30,0
4310,3,3,22,30,0
4311,3,3,17,30,0
4312,3,1,11,30,0
4313,3,3,0,30,0
4314,3,6,7,30,0
4315,3,2,0,30,0
4316,3,2,4,30,0
4317,3,6,16,30,0
4318,3,2,11,30,0
4319,3,2,12,30,0
4320,3,3,17,30,0
4321,3,1,11,30,0
4322,3,4,0,30,0
4323,3,2,2,30,0
4324,3,4,13,30,0
4325,3,6,20,30,0
4326,3,2,5,30,0
4327,3,6,21,30,0
4328,3,1,16,30,0
4329,3,2,10,30,0
4330,3,4,7,30,0
4331,2,2,12,30,0
4332,3,6,22,30,0
4333,3,3,7,30,0
4334,2,2,2,30,0
4335,2,6,3,30,0
4336,3,3,14,30,0
4337,3,6,12,30,0
4338,3,1,14,30,0
4339,3,6,11,30,0
4340,3,2,15,30,0
4341,3,4,17,30,0
4342,3,1,23,30,0
4343,3,4,2,30,0
4344,3,4,20,30,0
4345,3,1,12,30,0
4346,3,4,12,30,0
4347,3,4,17,30,0
4348,3,6,9,30,0
4349,3,4,21,30,0
4350,2,2,14,30,0
4351,3,6,15,30,0
4352,3,3,14,30,0
4353,3,1,23,30,0
4354,3,2,1,30,0
4355,3,6,18,30,0
4356,3,6,5,30,0
4357,3,4,8,30,0
4358,3,2,20,30,0
4359,3,3,3,30,0
4360,3,4,15,30,0
4361,3,6,10,30,0
4362,3,4,23,30,0
4363,3,6,22,30,0
4364,3,4,2,30,0
4365,3,1,22,30,0
4366,3,1,20,30,0
4367,3,2,23,30,0
4368,3,4,8,30,0
4369,3,1,6,30,0
4370,2,4,4,30,0
4371,3,4,15,30,0
4372,3,4,1,30,0
4373,3,3,22,30,0
4374,2,6,11,30,0
4375,3,3,10,30,0
4376,3,2,16,30,0
4377,3,4,15,30,0
4378,3,3,7,30,0
4379,3,6,11,30,0
4380,3,4,16,30,0
4381,3,6,0,30,0
4382,3,1,5,30,0
4383,3,3,2,30,0
4384,3,6,20,30,0
4385,3,2,21,30,0
4386,3,6,2,30,0
4387,3,3,3,30,0
4388,3,4,1,30,0
4389,2,2,8,30,0
4390,3,3,10,30,0
4391,2,4,8,30,0
4392,2,1,12,30,0
4393,3,4,2,30,0
4394,3,1,3,30,0
4395,3,2,9,30,0
4396,3,6,12,30,0
4397,3,3,6,30,0
4398,3,1,9,30,0
4399,3,3,9,30,0
4400,3,4,9,30,0
4401,3,6,10,30,0
4402,3,2,23,30,0
4403,3,3,17,30,0
4404,3,1,13,30,0
4405,3,4,8,30,0
4406,3,2,5,30,0
4407,3,6,5,30,0
4408,3,1,17,30,0
4409,3,4,23,30,0
4410,3,6,9,30,0
4411,3,1,7,30,0
4412,3,4,20,30,0
4413,2,1,11,30,0
4414,3,3,6,30,0
4415,3,2,1,30,0
4416,3,3,0,30,0
4417,3,1,20,30,0
4418,3,3,2,30,0
4419,2,1,12,30,0
4420,3,1,4,30,0
4421,3,2,10,30,0
4422,3,2,9,30,0
4423,3,3,0,30,0
4424,3,3,2,30,0
4425,3,3,10,30,0
4426,3,6,3,30,0
4427,3,1,20,30,0
4428,2,6,0,30,0
4429,3,3,0,30,0
4430,3,2,18,30,0
4431,3,3,6,30,0
4432,3,3,4,30,0
4433,2,3,16,30,0
4434,3,6,20,30,0
4435,3,6,13,30,0
4436,3,2,21,30,0
4437,3,6,2,30,0
4438,3,4,20,30,0
4439,3,4,7,30,0
4440,3,6,7,30,0
4441,3,6,12,30,0
4442,3,1,9,30,0
4443,3,6,2,30,0
4444,3,6,23,30,0
4445,3,4,5,30,0
4446,3,4,2,30,0
4447,3,6,14,30,0
4448,3,2,1,30,0
4449,3,1,13,30,0
4450,3,1,4,30,0
4451,3,2,5,30,0
4452,3,3,3,30,0
4453,3,6,11,30,0
4454,3,1,7,30,0
4455,3,6,2,30,0
4456,3,3,10,30,0
4457,3,4,8,30,0
4458,3,1,18,30,0
4459,3,6,1,30,0
4460,3,4,7,30,0
4461,3,1,14,30,0
4462,2,4,7,30,0
4463,3,4,18,30,0
4464,3,6,6,30,0
4465,3,6,12,30,0
4466,3,3,6,30,0
4467,2,3,14,30,0
4468,3,1,8,30,0
4469,3,1,13,30,0
4470,3,2,5,30,0
4471,3,3,1,30,0
4472,3,6,14,30,0
4473,2,3,6,30,0
4474,3,3,2,30,0
4475,3,1,13,30,0
4476,3,2,12,30,0
4477,3,4,2,30,0
4478,3,2,14,30,0
4479,3,4,11,30,0
4480,3,3,22,30,0
4481,3,2,15,30,0
4482,3,6,18,30,0
4483,3,2,6,30,0
4484,3,1,13,30,0
4485,3,3,5,50,0
4486,3,6,17,30,0
4487,3,1,4,30,0
4488,3,3,21,30,0
4489,3,3,21,50,0
4490,3,2,7,30,0
4491,3,4,11,30,0
4492,2,6,14,30,0
4493,3,2,2,30,0
4494,3,1,22,30,0
4495,3,6,5,30,0
4496,3,3,10,30,0
4497,3,1,0,30,0
4498,3,6,10,30,0
4499,3,3,9,30,0
4500,3,2,5,30,0
4501,3,1,12,30,0
4502,3,6,13,30,0
4503,3,6,22,30,0
4504,3,6,23,30,0
4505,3,2,20,30,0
4506,3,2,8,30,0
4507,3,4,10,30,0
4508,3,2,12,30,0
4509,3,3,4,30,0
4510,3,2,3,30,0
4511,3,3,8,30,0
4512,3,1,6,30,0
4513,3,6,11,30,0
4514,3,6,1,30,0
4515,3,2,0,30,0
4516,3,4,11,30,0
4517,3,4,3,30,0
4518,3,2,0,30,0
4519,3,1,11,30,0
4520,3,3,1,30,0
4521,3,1,11,30,0
4522,3,2,7,30,0
4523,3,1,0,30,0
4524,3,6,10,30,0
4525,2,1,5,30,0
4526,3,1,18,30,0
4527,3,2,9,30,0
4528,3,1,18,30,0
4529,3,4,13,50,0
4530,3,3,22,30,0
4531,3,2,20,30,0
4532,3,3,22,30,0
4533,3,3,13,30,0
4534,3,6,8,30,0
4535,3,3,9,30,0
4536,2,4,11,30,0
4537,3,2,20,30,0
4538,3,4,6,30,0
4539,3,4,8,30,0
4540,2,3,6,30,0
4541,3,3,8,30,0
4542,3,3,22,30,0
4543,3,1,21,30,0
4544,2,6,5,30,0
4545,3,6,8,30,0
4546,3,4,0,30,0
4547,3,2,9,30,0
4548,2,2,18,30,0
4549,3,1,7,30,0
4550,3,2,1,30,0
4551,3,6,5,30,0
4552,3,1,7,30,0
4553,3,1,22,30,0
4554,3,3,7,30,0
4555,3,1,12,30,0
4556,3,6,11,30,0
4557,3,1,21,30,0
4558,3,3,23,30,0
4559,3,2,10,30,0
4560,3,2,22,30,0
4561,2,3,11,30,0
4562,3,4,2,30,0
4563,3,1,13,30,0
4564,3,1,9,30,0
4565,3,6,2,30,0
4566,3,6,10,30,0
4567,3,4,2,30,0
4568,2,2,1,30,0
4569,3,6,2,30,0
4570,3,3,23,30,0
4571,3,6,21,30,0
4572,3,6,8,30,0
4573,2,4,4,30,0
4574,3,2,9,30,0
4575,3,1,18,30,0
4576,2,2,15,30,0
4577,3,1,1,30,0
4578,3,6,17,30,0
4579,3,3,11,30,0
4580,3,2,13,30,0
4581,3,3,4,30,0
4582,3,4,23,30,0
4583,3,3,6,30,0
4584,3,4,4,30,0
4585,3,2,2,30,0
4586,2,3,10,30,0
4587,2,3,0,30,0
4588,3,6,6,30,0
4589,3,4,6,30,0
4590,3,6,23,30,0
4591,3,3,15,30,0
4592,3,6,7,30,0
4593,3,3,13,30,0
4594,2,3,8,30,0
4595,3,4,2,30,0
4596,3,1,7,30,0
4597,3,3,12,30,0
4598,3,3,23,30,0
4599,3,1,21,30,0
4600,3,3,13,30,0
4601,3,2,23,30,0
4602,3,3,14,30,0
4603,2,4,15,30,0
4604,2,6,14,30,0
4605,3,4,22,30,0
4606,3,3,22,30,0
4607,2,6,22,30,0
4608,3,2,4,30,0
4609,3,2,21,30,0
4610,3,4,2,30,0
4611,3,2,18,30,0
4612,3,6,16,30,0
4613,2,3,6,30,0
4614,3,3,11,30,0
4615,3,4,15,30,0
4616,3,3,9,30,0
4617,3,6,12,30,0
4618,3,2,21,30,0
4619,3,2,14,30,0
4620,3,1,3,30,0
4621,3,2,1,30,0
4622,3,6,4,30,0
4623,2,2,4,30,0
4624,3,3,11,30,0
4625,3,1,7,30,0
4626,3,6,0,30,0
4627,3,4,9,30,0
4628,2,2,20,30,0
4629,3,1,12,30,0
4630,3,1,10,30,0
4631,3,3,3,30,0
4632,3,4,0,30,0
4633,3,1,1,30,0
4634,3,2,12,30,0
4635,3,6,6,30,0
4636,3,4,18,20,0
4637,3,2,23,30,0
4638,2,4,23,30,0
4639,3,2,15,30,0
4640,3,4,3,30,0
4641,3,6,9,30,0
4642,3,3,22,30,0
4643,3,1,22,30,0
4644,3,3,7,30,0
4645,3,2,15,30,0
4646,3,1,9,30,0
4647,3,4,13,30,0
4648,3,4,16,30,0
4649,3,3,9,30,0
4650,1,1,16,30,0
4651,3,4,10,30,0
4652,3,1,12,30,0
4653,3,1,15,30,0
4654,3,6,9,30,0
4655,3,1,12,30,0
4656,3,2,15,30,0
4657,3,6,10,30,0
4658,3,4,3,30,0
4659,3,2,23,30,0
4660,3,2,7,30,0
4661,3,2,6,30,0
4662,3,3,3,30,0
4663,3,3,17,30,0
4664,3,1,9,30,0
4665,2,3,2,30,0
4666,3,6,3,30,0
4667,2,3,22,30,0
4668,2,4,6,30,0
4669,3,3,4,30,0
4670,3,4,13,30,0
4671,2,4,20,20,0
4672,3,1,18,30,0
4673,3,3,15,30,0
4674,3,4,5,30,0
4675,3,3,7,30,0
4676,3,2,16,30,0
4677,3,6,5,30,0
4678,3,4,10,30,0
4679,3,2,15,30,0
4680,3,4,9,30,0
4681,3,1,8,30,0
4682,2,6,12,30,0
4683,3,2,12,30,0
4684,3,4,4,30,0
4685,3,6,14,30,0
4686,3,4,22,30,0
4687,3,3,12,30,0
4688,3,4,4,30,0
4689,3,4,1,50,0
4690,3,6,8,30,0
4691,3,2,12,30,0
4692,3,1,16,30,0
4693,3,1,10,30,0
4694,3,2,22,30,0
4695,3,6,14,30,0
4696,3,6,5,30,0
4697,3,2,10,30,0
4698,3,6,9,30,0
4699,3,1,22,30,0
4700,3,6,7,30,0
4701,3,4,5,30,0
4702,3,2,20,30,0
4703,3,1,20,30,0
4704,3,3,1,30,0
4705,3,2,18,30,0
4706,2,1,14,30,0
4707,3,3,21,30,0
4708,3,3,13,30,0
4709,3,3,11,30,0
4710,3,4,9,30,0
4711,3,3,18,30,0
4712,3,3,15,30,0
4713,3,3,1,30,0
4714,3,3,4,30,0
4715,3,3,14,30,0
4716,2,1,18,30,0
4717,3,6,8,30,0
4718,2,1,9,30,0
4719,2,3,9,30,0
4720,3,1,0,30,0
4721,3,3,11,30,0
4722,3,6,9,30,0
4723,3,3,4,30,0
4724,3,2,14,30,0
4725,3,4,18,30,0
4726,2,2,14,30,0
4727,3,4,8,30,0
4728,3,6,11,30,0
4729,3,2,10,30,0
4730,2,2,7,30,0
4731,3,3,15,30,0
4732,2,3,16,30,0
4733,3,1,6,30,0
4734,3,1,2,30,0
4735,3,1,3,30,0
4736,3,4,12,30,0
4737,3,1,21,30,0
4738,3,4,13,30,0
4739,3,3,15,30,0
4740,3,6,20,30,0
4741,2,3,17,30,0
4742,2,2,21,30,0
4743,2,1,11,30,0
4744,3,1,4,30,0
4745,3,1,6,30,0
4746,3,1,10,30,0
4747,3,3,12,30,0
4748,3,3,18,30,0
4749,3,2,17,30,0
4750,3,2,16,30,0
4751,3,1,4,30,0
4752,3,6,21,30,0
4753,3,3,6,30,0
4754,3,4,9,30,0
4755,3,6,12,30,0
4756,3,6,11,30,0
4757,3,2,5,30,0
4758,3,4,3,30,0
4759,3,2,6,30,0
4760,3,2,13,30,0
4761,3,2,11,30,0
4762,3,1,5,30,0
4763,3,6,22,30,0
4764,3,4,8,30,0
4765,2,1,12,30,0
4766,3,1,20,30,0
4767,3,6,12,30,0
4768,3,3,5,30,0
4769,3,1,15,30,0
4770,3,2,2,30,0
4771,3,2,0,30,0
4772,3,4,3,30,0
4773,3,3,20,30,0
4774,3,3,12,30,0
4775,2,4,7,30,0
4776,3,4,4,30,0
4777,2,3,20,30,0
4778,3,3,2,30,0
4779,3,2,23,30,0
4780,3,2,9,30,0
4781,3,1,15,30,0
4782,3,1,2,30,0
4783,2,3,11,30,0
4784,3,6,8,30,0
4785,3,6,20,30,0
4786,3,1,21,30,0
4787,3,2,21,30,0
4788,3,3,17,30,0
4789,3,3,15,30,0
4790,3,1,6,30,0
4791,3,4,11,30,0
4792,3,2,10,30,0
4793,3,4,3,30,0
4794,3,4,15,30,0
4795,2,6,23,30,0
4796,3,1,1,30,0
4797,3,1,0,30,0
4798,3,4,14,30,0
4799,3,1,9,30,0
4800,3,1,6,30,0
4801,2,6,6,30,0
4802,2,2,7,30,0
4803,3,6,5,30,0
4804,3,2,5,30,0
4805,3,2,3,30,0
4806,3,4,21,30,0
4807,3,1,14,30,0
4808,3,4,2,30,0
4809,3,4,3,30,0
4810,2,1,14,30,0
4811,3,6,13,30,0
4812,3,3,6,30,0
4813,3,1,20,30,0
4814,3,6,6,30,0
4815,2,1,17,30,0
4816,3,6,12,30,0
4817,3,3,13,30,0
4818,3,2,8,30,0
4819,3,1,18,30,0
4820,3,6,12,30,0
4821,3,4,20,30,0
4822,3,2,13,30,0
4823,3,6,18,30,0
4824,2,6,14,30,0
4825,3,6,2,30,0
4826,2,6,2,30,0
4827,3,2,11,30,0
4828,3,4,23,30,0
4829,3,3,1,30,0
4830,3,2,17,30,0
4831,3,4,9,30,0
4832,3,3,23,30,0
4833,3,1,13,30,0
4834,3,3,0,30,0
4835,3,6,4,30,0
4836,3,4,8,30,0
4837,3,3,14,30,0
4838,3,6,4,30,0
4839,2,3,5,30,0
4840,2,1,11,30,0
4841,3,2,6,30,0
4842,3,1,14,30,0
4843,3,3,4,30,0
4844,3,4,6,30,0
4845,3,1,0,30,0
4846,2,3,8,30,0
4847,2,6,14,30,0
4848,3,3,0,30,0
4849,3,1,4,30,0
4850,3,4,8,30,0
4851,3,1,17,30,0
4852,3,2,0,30,0
4853,3,3,3,30,0
4854,3,3,20,30,0
4855,3,3,8,30,0
4856,3,6,9,30,0
4857,3,2,5,30,0
4858,3,2,22,30,0
4859,3,1,21,30,0
4860,3,1,16,30,0
4861,3,2,6,30,0
4862,3,3,17,30,0
4863,3,2,6,30,0
4864,3,2,5,30,0
4865,2,4,15,30,0
4866,3,3,16,30,0
4867,3,3,16,30,0
4868,3,1,23,30,0
4869,3,3,13,30,0
4870,3,6,6,30,0
4871,3,1,16,40,0
4872,3,2,18,30,0
4873,3,3,10,30,0
4874,3,4,10,30,0
4875,2,4,3,30,0
4876,3,6,22,30,0
4877,3,4,8,30,0
4878,3,1,7,30,0
4879,3,4,7,30,0
4880,3,6,21,30,0
4881,3,4,21,30,0
4882,3,3,1,30,0
4883,3,2,9,30,0
4884,2,2,23,30,0
4885,3,1,12,30,0
4886,3,1,3,30,0
4887,2,4,9,30,0
4888,3,4,20,30,0
4889,3,6,16,30,0
4890,3,4,6,30,0
4891,3,3,5,30,0
4892,3,1,21,30,0
4893,2,6,2,30,0
4894,3,1,12,30,0
4895,3,6,18,30,0
4896,3,2,0,30,0
4897,3,2,17,40,0
4898,3,6,8,30,0
4899,3,1,10,30,0
4900,2,1,7,30,0
4901,3,2,2,30,0
4902,3,1,17,30,0
4903,3,2,9,30,0
4904,3,2,17,30,0
4905,3,6,13,30,0
4906,3,4,11,30,0
4907,3,6,5,30,0
4908,3,1,11,30,0
4909,3,1,9,30,0
4910,3,6,11,30,0
4911,3,3,7,30,0
4912,2,3,21,30,0
4913,3,1,13,30,0
4914,3,2,5,30,0
4915,3,6,5,30,0
4916,3,1,11,30,0
4917,3,2,8,30,0
4918,3,3,2,30,0
4919,3,4,13,30,0
4920,3,4,15,30,0
4921,3,6,14,30,0
4922,3,2,6,30,0
4923,2,1,12,30,0
4924,3,1,11,30,0
4925,2,3,15,30,0
4926,3,4,15,30,0
4927,3,1,11,30,0
4928,3,6,20,30,0
4929,3,4,0,30,0
4930,3,3,23,30,0
4931,3,1,11,30,0
4932,3,4,4,30,0
4933,3,6,23,30,0
4934,2,3,9,30,0
4935,3,1,23,30,0
4936,2,3,12,30,0
4937,3,4,7,30,0
4938,3,6,1,30,0
4939,3,2,2,30,0
4940,3,6,13,30,0
4941,3,1,4,30,0
4942,3,1,18,30,0
4943,3,3,11,30,0
4944,3,6,22,30,0
4945,3,6,0,30,0
4946,2,4,21,30,0
4947,2,3,10,30,0
4948,3,2,20,30,0
4949,3,2,4,30,0
4950,3,6,6,30,0
4951,3,4,1,30,0
4952,3,4,21,30,0
4953,3,1,20,30,0
4954,3,3,8,30,0
4955,2,2,5,30,0
4956,3,6,14,30,0
4957,2,6,4,30,0
4958,3,4,17,30,0
4959,2,4,9,40,0
4960,3,4,18,30,0
4961,3,3,14,30,0
4962,1,6,16,30,0
4963,2,2,1,30,0
4964,3,1,4,30,0
4965,3,1,14,30,0
4966,3,6,20,30,0
4967,3,1,6,30,0
4968,3,1,1,30,0
4969,3,6,23,30,0
4970,3,4,10,30,0
4971,3,2,9,30,0
4972,3,1,23,30,0
4973,2,1,12,30,0
4974,3,6,12,30,0
4975,3,1,21,30,0
4976,3,1,1,30,0
4977,3,3,20,30,0
4978,2,1,2,30,0
4979,2,6,17,30,0
4980,3,3,12,30,0
4981,3,1,8,30,0
4982,3,6,0,30,0
4983,3,4,20,30,0
4984,3,3,15,30,0
4985,3,3,0,30,0
4986,3,3,4,30,0
4987,3,2,7,30,0
4988,1,1,21,30,0
4989,3,3,21,30,0
4990,3,6,14,30,0
4991,3,2,18,30,0
4992,3,1,3,30,0
4993,2,1,10,30,0
4994,3,2,7,30,0
4995,2,3,16,30,0
4996,3,2,12,30,0
4997,3,6,22,30,0
4998,3,1,2,30,0
4999,3,1,23,30,0
5000,2,2,11,30,0
5001,2,1,9,30,0
5002,3,4,4,30,0
5003,2,4,4,30,0
5004,3,1,16,30,0
5005,3,1,16,30,0
5006,3,2,5,30,0
5007,3,1,7,30,0
5008,3,3,23,30,0
5009,3,2,10,30,0
5010,3,4,16,30,0
5011,3,1,15,30,0
5012,3,1,17,40,0
5013,3,6,1,30,0
5014,3,1,3,30,0
5015,2,2,4,30,0
5016,3,3,6,30,0
5017,3,2,22,30,0
5018,3,6,8,30,0
5019,3,4,8,30,0
5020,3,1,23,30,0
5021,3,2,9,30,0
5022,3,3,20,30,0
5023,3,6,4,30,0
5024,3,2,2,30,0
5025,3,4,6,30,0
5026,3,4,20,30,0
5027,3,4,17,30,0
5028,3,6,6,30,0
5029,3,2,12,30,0
5030,3,2,16,30,0
5031,3,6,2,30,0
5032,3,4,0,30,0
5033,3,4,2,30,0
5034,2,4,3,30,0
5035,3,2,15,30,0
5036,3,1,20,30,0
5037,3,4,4,30,0
5038,3,3,5,30,0
5039,3,6,2,30,0
5040,3,1,12,30,0
5041,3,4,3,30,0
5042,3,3,4,30,0
5043,3,2,20,30,0
5044,3,2,23,30,0
5045,3,6,13,30,0
5046,2,2,10,30,0
5047,3,3,3,30,0
5048,2,3,8,30,0
5049,3,3,3,30,0
5050,3,2,14,30,0
5051,3,4,18,30,0
5052,3,6,3,30,0
5053,3,2,17,30,0
5054,3,4,0,30,0
5055,3,2,6,30,0
5056,3,3,12,30,0
5057,2,4,12,30,0
5058,3,3,6,30,0
5059,3,6,0,30,0
5060,3,6,4,30,0
5061,3,6,1,30,0
5062,3,1,10,30,0
5063,2,3,6,30,0
5064,3,2,4,40,0
5065,3,2,22,30,0
5066,3,4,6,30,0
5067,3,2,10,30,0
5068,3,3,18,30,0
5069,3,1,14,30,0
5070,3,2,22,30,0
5071,3,3,9,30,0
5072,2,4,3,30,0
5073,3,1,18,30,0
5074,3,6,0,30,0
5075,3,1,14,30,0
5076,3,2,9,30,0
5077,3,3,17,30,0
5078,3,4,12,30,0
5079,3,4,7,30,0
5080,3,1,13,30,0
5081,3,1,13,30,0
5082,2,2,14,30,0
5083,3,6,23,30,0
5084,3,1,23,30,0
5085,3,4,22,30,0
5086,3,3,5,30,0
5087,3,4,0,30,0
5088,3,4,6,30,0
5089,3,1,10,30,0
5090,3,4,11,30,0
5091,2,6,5,30,0
5092,3,2,12,30,0
5093,3,3,17,30,0
5094,3,6,11,30,0
5095,3,3,21,30,0
5096,3,4,8,30,0
5097,3,6,11,30,0
5098,3,2,17,30,0
5099,3,3,4,30,0
5100,3,1,20,30,0
5101,3,4,9,30,0
5102,3,4,21,30,0
5103,3,2,17,30,0
5104,3,2,6,30,0
5105,3,2,5,30,0
5106,3,1,13,30,0
5107,2,4,17,30,0
5108,3,2,10,30,0
5109,3,3,22,30,0
5110,3,4,4,30,0
5111,3,4,18,30,0
5112,3,1,13,30,0
5113,3,1,17,30,0
5114,3,3,17,30,0
5115,2,1,8,30,0
5116,3,2,3,30,0
5117,3,3,4,30,0
5118,3,1,7,30,0
5119,3,1,22,30,0
5120,3,2,6,30,0
5121,3,4,17,30,0
5122,3,6,7,30,0
5123,3,4,22,30,0
5124,3,3,7,30,0
5125,3,3,4,30,0
5126,3,4,22,30,0
5127,3,6,8,30,0
5128,3,6,1,30,0
5129,3,2,21,30,0
5130,3,6,5,30,0
5131,3,1,17,30,0
5132,3,2,22,30,0
5133,3,6,22,30,0
5134,3,3,9,30,0
5135,3,6,21,30,0
5136,3,6,15,30,0
5137,3,1,9,30,0
5138,3,4,11,30,0
5139,3,3,4,30,0
5140,3,2,5,30,0
5141,3,3,0,30,0
5142,3,1,6,30,0
5143,3,1,21,30,0
5144,2,6,14,30,0
5145,3,1,2,30,0
5146,3,2,7,30,0
5147,3,1,20,30,0
5148,3,2,10,30,0
5149,3,1,7,30,0
5150,3,2,7,30,0
5151,3,4,4,30,0
5152,3,2,2,30,0
5153,3,4,3,30,0
5154,3,2,6,30,0
5155,3,3,13,30,0
5156,3,4,1,30,0
5157,3,1,5,30,0
5158,3,1,22,30,0
5159,3,6,2,30,0
5160,3,3,5,30,0
5161,3,3,17,30,0
5162,3,2,4,30,0
5163,3,6,4,30,0
5164,3,3,22,30,0
5165,3,2,11,30,0
5166,3,1,1,30,0
5167,3,2,5,30,0
5168,2,1,2,30,0
5169,3,6,12,30,0
5170,3,1,16,30,0
5171,3,1,22,30,0
5172,3,3,17,30,0
5173,3,3,23,30,0
5174,3,4,2,30,0
5175,2,6,20,30,0
5176,3,2,16,30,0
5177,3,2,13,30,0
5178,3,2,21,30,0
5179,3,6,0,30,0
5180,3,6,20,30,0
5181,3,4,21,30,0
5182,3,2,8,30,0
5183,3,2,9,30,0
5184,3,2,16,20,0
5185,3,3,17,30,0
5186,3,4,20,30,0
5187,3,1,12,30,0
5188,3,1,21,30,0
5189,3,1,21,30,0
5190,3,1,18,30,0
5191,3,2,15,30,0
5192,3,2,6,30,0
5193,3,3,2,30,0
5194,3,1,22,30,0
5195,3,3,20,30,0
5196,3,6,0,30,0
5197,3,4,21,30,0
5198,2,2,16,30,0
5199,3,2,21,30,0
5200,3,6,2,30,0
5201,3,3,16,30,0
5202,3,4,17,30,0
5203,3,2,5,30,0
5204,3,3,0,30,0
5205,2,2,16,30,0
5206,3,1,17,30,0
5207,3,4,7,30,0
5208,3,1,0,30,0
5209,3,6,12,30,0
5210,3,4,0,30,0
5211,3,2,20,30,0
5212,3,3,17,30,0
5213,3,2,17,20,0
5214,3,2,12,30,0
5215,3,2,7,30,0
5216,3,3,22,30,0
5217,3,6,9,30,0
5218,3,6,0,30,0
5219,3,6,13,30,0
5220,3,2,12,30,0
5221,3,6,15,30,0
5222,3,1,5,30,0
5223,3,3,10,30,0
5224,3,2,8,30,0
5225,3,3,6,30,0
5226,3,1,5,30,0
5227,3,3,11,30,0
5228,3,4,6,30,0
5229,3,3,16,30,0
5230,3,6,23,30,0
5231,3,6,11,30,0
5232,2,1,15,30,0
5233,3,3,4,30,0
5234,3,2,14,30,0
5235,3,6,10,30,0
5236,3,6,14,30,0
5237,3,3,10,30,0
5238,3,6,23,30,0
5239,3,2,6,30,0
5240,2,6,2,30,0
5241,3,6,6,20,0
5242,3,4,6,30,0
5243,3,6,13,30,0
5244,3,4,8,30,0
5245,3,3,1,30,0
5246,3,6,1,30,0
5247,3,6,9,30,0
5248,3,2,11,30,0
5249,3,1,1,30,0
5250,3,6,14,30,0
5251,3,2,21,30,0
5252,3,1,22,30,0
5253,3,2,5,30,0
5254,3,4,2,30,0
5255,3,2,21,30,0
5256,3,6,20,30,0
5257,3,1,23,30,0
5258,3,6,6,30,0
5259,3,3,13,30,0
5260,3,6,23,30,0
5261,3,4,2,30,0
5262,3,2,11,30,0
5263,3,6,7,30,0
5264,3,3,13,30,0
5265,3,6,10,30,0
5266,3,2,5,30,0
5267,3,3,17,30,0
5268,3,2,0,30,0
5269,3,6,2,30,0
5270,3,3,6,30,0
5271,3,2,18,30,0
5272,3,6,7,30,0
5273,3,2,9,30,0
5274,3,3,12,30,0
5275,3,4,18,30,0
5276,3,3,5,30,0
5277,3,6,16,30,0
5278,3,3,0,30,0
5279,3,6,5,30,0
5280,3,3,20,30,0
5281,3,2,4,30,0
5282,3,2,1,30,0
5283,3,1,2,30,0
5284,3,6,2,30,0
5285,3,6,1,30,0
5286,3,6,21,30,0
5287,3,3,23,30,0
5288,3,1,2,30,0
5289,2,4,3,30,0
5290,3,6,18,30,0
5291,3,2,14,30,0
5292,3,1,10,30,0
5293,3,6,10,30,0
5294,3,6,3,30,0
5295,3,6,0,30,0
5296,3,2,5,30,0
5297,3,3,23,30,0
5298,3,2,22,30,0
5299,3,4,7,30,0
5300,3,1,20,30,0
5301,3,3,21,30,0
5302,3,6,11,30,0
5303,3,3,21,30,0
5304,3,2,11,30,0
5305,3,6,18,30,0
5306,2,2,13,30,0
5307,3,1,22,30,0
5308,3,3,17,30,0
5309,3,4,5,30,0
5310,3,3,20,30,0
5311,3,1,1,30,0
5312,3,4,4,30,0
5313,3,4,10,30,0
5314,3,6,3,30,0
5315,3,3,3,30,0
5316,3,4,16,30,0
5317,3,4,1,30,0
5318,3,3,4,40,0
5319,3,4,22,30,0
5320,3,2,7,30,0
5321,3,2,11,30,0
5322,3,4,17,30,0
5323,3,3,4,30,0
5324,3,3,5,30,0
5325,3,2,13,30,0
5326,3,1,9,30,0
5327,3,4,15,30,0
5328,3,1,12,30,0
5329,3,2,10,30,0
5330,3,4,20,30,0
5331,3,2,11,30,0
5332,3,6,8,30,0
5333,3,2,12,30,0
5334,3,6,6,30,0
5335,3,4,16,30,0
5336,3,2,10,30,0
5337,3,6,3,30,0
5338,3,4,17,30,0
5339,3,1,12,30,0
5340,3,4,8,30,0
5341,3,1,9,30,0
5342,3,2,3,30,0
5343,3,6,7,30,0
5344,3,3,12,30,0
5345,2,4,10,30,0
5346,3,1,12,30,0
5347,2,2,16,30,0
5348,3,2,18,30,0
5349,3,6,3,30,0
5350,3,4,6,30,0
5351,3,6,11,30,0
5352,3,4,21,30,0
5353,3,6,5,30,0
5354,3,6,23,30,0
5355,3,2,6,30,0
5356,3,1,23,30,0
5357,3,4,8,30,0
5358,3,2,16,30,0
5359,3,1,0,30,0
5360,3,2,16,30,0
5361,3,1,0,30,0
5362,2,6,4,30,0
5363,3,1,10,30,0
5364,3,6,2,30,0
5365,3,3,13,30,0
5366,2,2,0,30,0
5367,3,6,3,30,0
5368,3,4,2,30,0
5369,3,1,17,30,0
5370,3,2,14,30,0
5371,3,3,14,30,0
5372,3,4,8,30,0
5373,3,6,0,30,0
5374,3,3,16,30,0
5375,3,4,0,30,0
5376,3,2,18,30,0
5377,3,4,18,30,0
5378,3,4,0,30,0
5379,3,6,5,30,0
5380,3,3,14,30,0
5381,3,3,1,30,0
5382,3,2,0,30,0
5383,3,2,21,30,0
5384,2,3,14,30,0
5385,3,2,20,30,0
5386,3,3,8,30,0
5387,3,1,21,30,0
5388,2,2,10,30,0
5389,3,3,8,30,0
5390,3,4,16,30,0
5391,3,1,1,30,0
5392,3,1,1,30,0
5393,3,3,10,30,0
5394,3,2,6,30,0
5395,2,1,4,30,0
5396,3,4,9,30,0
5397,3,3,21,30,0
5398,3,6,8,30,0
5399,2,2,4,30,0
5400,3,3,13,30,0
5401,3,6,2,30,0
5402,3,3,23,30,0
5403,3,3,23,30,0
5404,3,2,21,30,0
5405,3,3,17,30,0
5406,3,2,1,30,0
5407,3,2,13,30,0
5408,3,2,18,30,0
5409,3,2,23,30,0
5410,3,4,21,30,0
5411,2,1,18,30,0
5412,3,2,18,30,0
5413,3,2,11,30,0
5414,3,1,6,30,0
5415,2,4,20,30,0
5416,3,6,16,30,0
5417,3,4,10,30,0
5418,3,4,11,30,0
5419,3,4,18,30,0
5420,3,1,2,30,0
5421,3,6,21,30,0
5422,2,1,13,30,0
5423,2,6,11,30,0
5424,3,6,22,30,0
5425,3,6,12,30,0
5426,3,2,20,30,0
5427,3,6,7,30,0
5428,3,6,22,30,0
5429,3,6,7,30,0
5430,2,1,1,30,0
5431,3,2,23,30,0
5432,3,2,18,30,0
5433,3,6,2,30,0
5434,3,1,14,30,0
5435,3,3,12,30,0
5436,3,3,12,30,0
5437,3,3,12,30,0
5438,3,3,10,30,0
5439,3,6,15,30,0
5440,3,2,16,30,0
5441,3,4,3,30,0
5442,3,4,3,30,0
5443,2,1,7,30,0
5444,3,2,4,30,0
5445,3,4,7,30,0
5446,3,4,9,30,0
5447,3,4,8,30,0
5448,3,2,12,30,0
5449,3,6,13,30,0
5450,2,6,21,30,0
5451,3,3,8,30,0
5452,3,2,12,30,0
5453,3,4,10,30,0
5454,3,4,0,30,0
5455,3,2,21,30,0
5456,2,6,15,30,0
5457,3,2,2,30,0
5458,3,4,1,30,0
5459,3,1,1,30,0
5460,3,4,14,30,0
5461,3,1,1,30,0
5462,3,2,1,30,0
5463,3,6,8,30,0
5464,2,2,5,30,0
5465,3,2,8,30,0
5466,2,3,11,30,0
5467,3,3,22,30,0
5468,3,4,12,30,0
5469,3,1,12,30,0
5470,3,3,16,30,0
5471,3,6,15,30,0
5472,3,3,13,30,0
5473,3,4,15,30,0
5474,3,1,16,30,0
5475,3,3,0,30,0
5476,3,2,18,30,0
5477,3,6,23,30,0
5478,2,4,16,30,0
5479,2,4,11,30,0
5480,3,1,13,30,0
5481,3,2,5,30,0
5482,3,6,21,30,0
5483,2,6,23,30,0
5484,3,1,21,30,0
5485,3,1,6,30,0
5486,3,3,14,30,0
5487,3,4,4,30,0
5488,2,6,11,30,0
5489,3,3,8,30,0
5490,3,6,5,30,0
5491,3,3,5,30,0
5492,3,4,15,30,0
5493,3,4,4,30,0
5494,3,6,13,30,0
5495,3,3,9,30,0
5496,3,2,5,30,0
5497,3,6,18,30,0
5498,3,2,4,30,0
5499,3,3,14,30,0
5500,3,3,4,30,0
5501,3,4,7,30,0
5502,2,4,10,30,0
5503,2,4,17,30,0
5504,3,3,2,30,0
5505,3,6,21,30,0
5506,3,6,5,30,0
5507,3,4,17,30,0
5508,3,4,17,30,0
5509,3,3,11,30,0
5510,3,3,15,30,0
5511,2,4,7,30,0
5512,3,2,4,30,0
5513,3,6,21,30,0
5514,3,2,18,30,0
5515,2,6,9,30,0
5516,3,1,1,30,0
5517,2,2,23,30,0
5518,3,4,13,30,0
5519,3,3,4,30,0
5520,3,3,11,30,0
5521,3,1,17,30,0
5522,3,6,9,30,0
5523,3,2,3,30,0
5524,2,3,11,30,0
5525,3,1,17,30,0
5526,3,4,7,30,0
5527,3,4,10,30,0
5528,3,6,10,30,0
5529,3,3,1,30,0
5530,3,2,20,30,0
5531,3,1,2,30,0
5532,3,1,12,30,0
5533,3,6,3,30,0
5534,3,4,14,30,0
5535,3,4,14,30,0
5536,3,4,14,30,0
5537,3,2,10,30,0
5538,3,3,15,30,0
5539,3,4,3,30,0
5540,3,4,5,30,0
5541,3,1,17,30,0
5542,3,4,8,30,0
5543,3,3,5,30,0
5544,3,3,22,30,0
5545,3,1,15,30,0
5546,3,1,10,30,0
5547,2,4,21,30,0
5548,3,2,1,30,0
5549,3,6,9,30,0
5550,3,6,3,30,0
5551,3,6,7,30,0
5552,3,2,11,30,0
5553,3,4,18,30,0
5554,3,3,12,30,0
5555,3,3,11,30,0
5556,3,3,7,30,0
5557,3,1,8,30,0
5558,3,1,16,30,0
5559,3,1,13,30,0
5560,3,3,8,30,0
5561,3,4,5,30,0
5562,3,2,12,30,0
5563,3,3,20,30,0
5564,3,6,15,30,0
5565,3,1,3,30,0
5566,3,3,20,30,0
5567,3,4,16,30,0
5568,3,6,12,30,0
5569,3,6,6,30,0
5570,3,6,1,30,0
5571,2,2,21,30,0
5572,3,6,8,30,0
5573,3,2,1,30,0
5574,3,6,13,30,0
5575,3,6,16,30,0
5576,2,6,18,30,0
5577,3,3,2,30,0
5578,2,1,21,30,0
5579,2,1,15,30,0
5580,3,4,2,30,0
5581,3,3,18,30,0
5582,3,2,4,30,0
5583,3,3,12,30,0
5584,3,4,13,30,0
5585,3,6,3,30,0
5586,3,6,8,30,0
5587,3,1,10,30,0
5588,2,4,17,30,0
5589,3,1,11,30,0
5590,3,4,3,30,0
5591,3,1,4,30,0
5592,3,1,0,30,0
5593,3,3,1,30,0
5594,3,3,7,30,0
5595,2,1,15,30,0
5596,3,2,23,30,0
5597,3,1,4,30,0
5598,3,3,0,30,0
5599,3,3,21,30,0
5600,3,1,6,30,0
5601,3,6,14,30,0
5602,2,2,15,30,0
5603,3,2,16,30,0
5604,2,3,18,30,0
5605,3,6,18,30,0
5606,3,6,23,30,0
5607,3,6,20,30,0
5608,3,6,21,30,0
5609,3,2,10,30,0
5610,3,6,5,30,0
5611,3,1,7,30,0
5612,3,1,9,30,0
5613,3,3,7,30,0
5614,3,1,16,30,0
5615,3,3,1,30,0
5616,3,6,17,30,0
5617,3,2,2,30,0
5618,2,1,23,30,0
5619,3,2,23,30,0
5620,3,3,13,30,0
5621,3,3,17,30,0
5622,3,1,13,30,0
5623,3,2,10,30,0
5624,2,4,0,30,0
5625,3,3,20,30,0
5626,3,6,5,30,0
5627,3,3,18,30,0
5628,3,6,5,30,0
5629,2,3,16,30,0
5630,3,3,6,30,0
5631,3,3,1,30,0
5632,3,4,20,30,0
5633,3,1,23,30,0
5634,2,2,5,30,0
5635,3,2,22,30,0
5636,3,3,13,30,0
5637,3,3,3,30,0
5638,3,2,4,30,0
5639,3,2,17,30,0
5640,3,4,13,30,0
5641,3,4,3,30,0
5642,3,1,8,30,0
5643,3,1,1,30,0
5644,3,1,10,40,0
5645,3,3,1,30,0
5646,3,4,14,30,0
5647,3,2,2,30,0
5648,3,3,8,30,0
5649,3,2,12,30,0
5650,3,4,10,30,0
5651,3,6,7,30,0
5652,3,4,2,30,0
5653,3,6,22,30,0
5654,3,2,4,30,0
5655,2,2,17,30,0
5656,2,6,0,30,0
5657,3,6,12,30,0
5658,3,6,9,30,0
5659,3,4,9,30,0
5660,3,2,6,30,0
5661,2,2,8,30,0
5662,3,3,15,30,0
5663,2,6,22,30,0
5664,3,4,17,30,0
5665,3,1,16,30,0
5666,3,2,8,30,0
5667,3,3,11,30,0
5668,3,2,2,30,0
5669,3,4,14,30,0
5670,3,3,16,30,0
5671,3,3,7,30,0
5672,3,1,8,30,0
5673,3,1,11,30,0
5674,3,4,18,30,0
5675,3,6,16,30,0
5676,3,3,11,30,0
5677,3,4,3,30,0
5678,3,6,13,30,0
5679,3,4,15,50,0
5680,3,3,13,30,0
5681,3,3,9,30,0
5682,3,1,6,30,0
5683,3,3,10,30,0
5684,3,4,0,30,0
5685,3,4,15,30,0
5686,2,6,4,30,0
5687,3,2,17,30,0
5688,3,6,21,30,0
5689,3,1,1,30,0
5690,3,1,16,30,0
5691,3,3,14,30,0
5692,3,1,2,40,0
5693,3,6,14,30,0
5694,3,1,3,30,0
5695,3,3,2,30,0
5696,3,2,20,30,0
5697,3,6,14,30,0
5698,3,3,13,30,0
5699,3,1,8,30,0
5700,3,2,12,30,0
5701,3,4,13,30,0
5702,3,1,0,30,0
5703,2,4,22,30,0
5704,3,4,20,30,0
5705,3,3,20,30,0
5706,3,1,23,30,0
5707,2,1,12,30,0
5708,3,4,9,30,0
5709,3,6,23,70,0
5710,3,6,9,30,0
5711,3,6,1,30,0
5712,3,2,23,30,0
5713,3,4,11,30,0
5714,3,2,2,30,0
5715,3,3,8,30,0
5716,2,1,23,30,0
5717,3,3,21,30,0
5718,2,2,9,30,0
5719,2,1,22,30,0
5720,3,3,12,30,0
5721,3,4,22,30,0
5722,3,3,7,30,0
5723,3,2,10,30,0
5724,3,1,6,30,0
5725,3,6,16,30,0
5726,3,1,17,30,0
5727,3,4,2,30,0
5728,3,6,2,30,0
5729,3,4,8,30,0
5730,3,1,14,30,0
5731,3,3,0,30,0
5732,3,1,17,30,0
5733,3,6,14,30,0
5734,2,3,18,30,0
5735,3,2,2,30,0
5736,3,1,15,30,0
5737,3,2,12,30,0
5738,3,1,7,30,0
5739,3,3,5,30,0
5740,2,2,13,30,0
5741,2,4,21,30,0
5742,3,1,11,30,0
5743,3,3,13,30,0
5744,3,3,12,30,0
5745,3,3,14,30,0
5746,3,2,2,30,0
5747,3,6,8,30,0
5748,3,4,2,30,0
5749,2,6,16,30,0
5750,3,6,5,30,0
5751,3,4,12,30,0
5752,3,6,3,40,0
5753,3,6,0,30,0
5754,3,6,15,30,0
5755,3,3,0,30,0
5756,3,1,14,30,0
5757,3,4,1,30,0
5758,3,2,9,30,0
5759,3,2,23,30,0
5760,3,1,16,30,0
5761,3,4,5,30,0
5762,3,6,5,50,0
5763,3,6,17,30,0
5764,3,1,14,30,0
5765,3,2,11,30,0
5766,3,3,6,30,0
5767,3,4,12,30,0
5768,3,2,9,50,0
5769,3,6,23,30,0
5770,3,6,15,40,0
5771,3,6,6,30,0
5772,3,6,15,30,0
5773,3,1,2,30,0
5774,3,2,3,40,0
5775,3,3,5,30,0
5776,3,4,14,30,0
5777,2,4,4,30,0
5778,3,1,13,30,0
5779,3,4,12,30,0
5780,3,4,12,30,0
5781,3,4,20,30,0
5782,3,2,0,30,0
5783,3,2,5,30,0
5784,3,1,9,30,0
5785,3,4,18,30,0
5786,3,3,15,30,0
5787,3,4,12,30,0
5788,2,1,9,30,0
5789,3,1,14,30,0
5790,3,4,11,30,0
5791,3,2,15,30,0
5792,3,4,8,30,0
5793,3,6,7,30,0
5794,3,3,10,30,0
5795,3,3,1,30,0
5796,3,4,3,30,0
5797,3,4,5,30,0
5798,3,1,18,30,0
5799,3,1,22,30,0
5800,3,4,16,30,0
5801,3,1,15,30,0
5802,3,6,14,30,0
5803,3,2,18,30,0
5804,3,2,22,30,0
5805,3,2,21,30,0
5806,3,6,5,30,0
5807,3,2,18,30,0
5808,3,1,17,30,0
5809,3,1,16,30,0
5810,3,2,20,30,0
5811,3,2,2,30,0
5812,3,1,11,30,0
5813,3,3,13,30,0
5814,3,3,16,30,0
5815,3,2,0,30,0
5816,3,1,18,30,0
5817,3,2,11,30,0
5818,3,1,9,30,0
5819,3,6,22,30,0
5820,3,6,4,30,0
5821,3,2,5,30,0
5822,3,6,14,30,0
5823,3,3,12,30,0
5824,3,2,14,30,0
5825,3,1,10,30,0
5826,3,3,0,30,0
5827,3,1,9,30,0
5828,2,4,23,30,0
5829,3,2,21,30,0
5830,3,6,14,30,0
5831,3,3,5,30,0
5832,3,6,22,30,0
5833,3,3,15,30,0
5834,3,3,20,30,0
5835,3,2,17,30,0
5836,3,4,8,30,0
5837,3,2,3,30,0
5838,3,2,12,30,0
5839,3,3,7,30,0
5840,3,1,2,40,0
5841,3,3,23,30,0
5842,3,6,7,30,0
5843,3,6,17,30,0
5844,3,3,12,30,0
5845,3,4,16,30,0
5846,2,1,16,30,0
5847,3,4,22,40,0
5848,3,1,14,30,0
5849,3,1,9,30,0
5850,3,3,6,30,0
5851,3,4,11,30,0
5852,3,6,15,50,0
5853,3,6,14,30,0
5854,3,2,13,30,0
5855,3,2,3,30,0
5856,3,2,10,30,0
5857,2,2,17,30,0
5858,3,6,2,30,0
5859,3,3,10,30,0
5860,3,1,0,50,0
5861,3,1,1,30,0
5862,3,4,20,30,0
5863,2,6,10,30,0
5864,3,4,6,30,0
5865,2,4,7,30,0
5866,3,1,10,30,0
5867,3,2,10,30,0
5868,3,2,17,30,0
5869,3,4,18,30,0
5870,3,3,2,30,0
5871,3,6,3,30,0
5872,3,1,18,30,0
5873,3,2,23,30,0
5874,3,6,12,30,0
5875,3,3,10,30,0
5876,3,3,14,30,0
5877,3,1,2,30,0
5878,3,2,2,30,0
5879,3,4,10,30,0
5880,3,6,1,30,0
5881,3,1,0,30,0
5882,3,2,2,30,0
5883,3,3,0,30,0
5884,3,1,9,30,0
5885,3,2,13,30,0
5886,3,3,22,30,0
5887,3,6,22,30,0
5888,3,3,15,30,0
5889,3,2,18,30,0
5890,3,3,17,30,0
5891,3,4,18,30,0
5892,3,1,15,30,0
5893,3,2,1,30,0
5894,3,1,2,30,0
5895,3,2,4,30,0
5896,3,4,18,30,0
5897,3,1,9,30,0
5898,3,4,8,30,0
5899,3,4,12,30,0
5900,3,3,5,30,0
5901,3,1,2,30,0
5902,3,2,9,30,0
5903,3,6,22,30,0
5904,2,3,20,30,0
5905,3,2,9,50,0
5906,3,2,20,30,0
5907,3,1,3,30,0
5908,3,6,12,30,0
5909,3,4,5,30,0
5910,3,2,22,30,0
5911,3,2,9,30,0
5912,3,4,22,30,0
5913,3,2,23,30,0
5914,3,2,0,30,0
5915,3,4,8,30,0
5916,3,1,13,30,0
5917,3,3,16,30,0
5918,3,2,12,30,0
5919,2,3,10,30,0
5920,3,6,22,30,0
5921,3,2,10,30,0
5922,3,6,22,30,0
5923,3,4,6,30,0
5924,2,2,22,30,0
5925,3,6,22,30,0
5926,3,4,12,30,0
5927,3,6,1,30,0
5928,3,6,5,30,0
5929,3,3,18,30,0
5930,3,3,9,30,0
5931,3,6,0,30,0
5932,2,1,11,30,0
5933,3,2,10,30,0
5934,3,2,8,30,0
5935,3,6,18,30,0
5936,3,1,3,30,0
5937,3,1,16,30,0
5938,2,6,22,30,0
5939,3,3,6,30,0
5940,3,1,17,30,0
5941,3,1,8,30,0
5942,3,2,6,30,0
5943,3,4,22,30,0
5944,3,2,10,30,0
5945,3,4,1,30,0
5946,3,3,1,30,0
5947,3,4,1,30,0
5948,3,2,5,30,0
5949,3,4,21,30,0
5950,2,4,22,30,0
5951,2,4,9,30,0
5952,3,2,8,40,0
5953,3,4,3,30,0
5954,3,6,23,30,0
5955,3,4,1,30,0
5956,3,3,7,30,0
5957,3,2,17,30,0
5958,3,4,11,30,0
5959,3,1,17,30,0
5960,3,2,8,30,0
5961,3,4,8,30,0
5962,3,6,4,30,0
5963,3,4,9,30,0
5964,3,1,22,30,0
5965,2,3,21,30,0
5966,3,2,4,30,0
5967,3,3,11,30,0
5968,3,6,10,30,0
5969,3,4,6,30,0
5970,3,4,18,30,0
5971,3,2,23,30,0
5972,3,6,10,30,0
5973,3,1,9,30,0
5974,3,4,22,70,0
5975,3,6,8,30,0
5976,3,2,11,30,0
5977,3,1,22,30,0
5978,3,6,20,30,0
5979,3,1,0,30,0
5980,3,2,5,30,0
5981,2,3,14,30,0
5982,3,1,9,30,0
5983,3,6,9,30,0
5984,3,6,8,30,0
5985,3,3,20,30,0
5986,3,2,22,30,0
5987,3,1,6,30,0
5988,3,6,10,30,0
5989,2,6,11,30,0
5990,3,2,10,30,0
5991,3,4,14,30,0
5992,3,4,8,30,0
5993,3,6,10,30,0
5994,3,6,5,30,0
5995,3,6,11,30,0
5996,3,6,14,30,0
5997,3,4,3,30,0
